NEST_ID,HATCHING EXPOSURE,FLEDGING EXPOSURE,Year_Nest,Date_FirstMarked,NestMarker,WaypointCode,Elevation_metres,Latitude_WGS84,Longitude_WGS84,ASTRODOS_UTM_E,ASTRODOS_UTM_N,TYPE,PARENT 1m,PARENT 2f,PARENT3,SEASON,HATCHED,fledged,failed,cause of failure,nested before,tracked?
MASPE_2015_C01C,28.5,25.5,2015,04/06/2015,1C,ANC1C,51.863,-15.97033176,-5.772452541,,,MANMADE,BT68228,BT54169,,COOL,TRUE,TRUE,,,,
MASPE_2019_C13R,20,10,2019,04/06/2019,13R,ANC13R,42.3711,-15.97041676,-5.772882924,,,MANMADE,BT69152,BT54338,,COOL,TRUE,TRUE,,,,FALSE
MASPE_2019_C86R,28.5,1.5,2019,15/05/2019,86R,ANC86R,35.908653,-15.97026485,-5.772842539,,,MANMADE,BT69143,BT54691,,COOL,TRUE,TRUE,,,,FALSE
MASPE_2017_H05R,39,48.5,2017,28/11/2017,5R,ANC5R,44.8309,-15.97032191,-5.772785491,,,MANMADE,BT67310,BT54779,,HOT,TRUE,TRUE,,,,TRUE
MASPE_2017_H52S,85.5,0,2017,30/11/2017,52S,ANC52S,78.625443,-15.97067954,-5.771740497,,,MANMADE,BT69413,BT54923,,HOT,,,UNKNOWN,,,FALSE
MASPE_2015_H02R,50,0,2015,23/11/2015,2R,ANC2R,45.9118,-15.97032942,-5.77280731,,,MANMADE,BT67698,BT61074,,HOT,,,,,,
MASPE_2018_C11R,11,103,2018,31/05/2018,11R,ANC11R,42.2853,-15.97040903,-5.772884393,,,MANMADE,BT68284,BT61300,,COOL,TRUE,TRUE,,,,TRUE
MASPE_2017_C11R,0,31,2017,23/06/2017,11R,ANC11R,42.2853,-15.97040903,-5.772884393,,,MANMADE,BT68284,BT61300,,COOL,TRUE,,TRUE,,,
MASPE_2019_C11R,17,10,2019,07/06/2019,11R,ANC11R,,,,,,MANMADE,BT68284,BT61300,,COOL,TRUE,TRUE,,,,FALSE
MASPE_2017_H11S,30,57.5,2017,28/11/2017,11S,ANC11S,74.9934,-15.97068802,-5.771732207,,,MANMADE,BT69074,BT61429,,HOT,TRUE,TRUE,,,,TRUE
MASPE_2018_H11S,31.5,66,2018,19/11/2018,11S,ANC11S,74.9934,-15.97068802,-5.771732207,,,MANMADE,BT69074,BT61429,,HOT,TRUE,,TRUE,,,FALSE
MASPE_2017_H07R,73.5,0,2017,12/12/2017,7R,ANC7R,41.8042,-15.97040853,-5.772886627,,,MANMADE,BT68985,BT62138,,HOT,,,UNKNOWN,,,FALSE
MASPE_2014_H11R,12,0,2014,12/12/2014,11R,ANC11R,42.2853,-15.97040903,-5.772884393,,,MANMADE,BT62132,BT62678,,HOT,,,TRUE,,,
MASPE_2017_H11R,3,16,2017,28/11/2017,11R,ANC11R,42.2853,-15.97040903,-5.772884393,,,MANMADE,BT62132,BT62678,,HOT,TRUE,,TRUE,,,TRUE
MASPE_2018_H11R,29.75,8.75,2018,12/11/2018,11R,ANC11R,42.2853,-15.97040903,-5.772884393,,,MANMADE,BT62132,BT62678,,HOT,TRUE,,TRUE,,,FALSE
MASPE_2014_H04S,13,0,2014,09/12/2014,4S,ANC4S,73.8887,-15.97068588,-5.771697414,,,MANMADE,BT62248,BT62698,,HOT,,,TRUE,,,
MASPE_2015_H04S,50,0,2015,23/11/2015,4S,ANC4S,73.8887,-15.97068588,-5.771697414,,,MANMADE,BT62248,BT62698,,HOT,,,TRUE,,,
MASPE_2017_H04S,16,71.5,2017,28/11/2017,4S,ANC4S,73.8887,-15.97068588,-5.771697414,,,MANMADE,BT62248,BT62698,,HOT,TRUE,TRUE,,,,FALSE
MASPE_2018_H04S,36.5,66,2018,14/11/2018,4S,ANC4S,73.8887,-15.97068588,-5.771697414,,,MANMADE,BT62248,BT62698,,HOT,TRUE,TRUE,,,,FALSE
MASPE_2017_H01S,19,68.5,2017,28/11/2017,1S,ANC1S,75,-15.97066667,-5.771729865,,,MANMADE,BT67689,BT67102,BT69194,HOT,TRUE,TRUE,,,,FALSE
MASPE_2015_H01S,29.5,20.5,2015,23/11/2015,1S,ANC1S,75,-15.97066667,-5.771729865,,,MANMADE,BT67689,BT67102,,HOT,TRUE,TRUE,,,,
MASPE_2018_H15S,38.5,0,2018,12/11/2018,15S,ANC15S,74.9726,-15.970738,-5.771667,,,MANMADE,BT67689,BT67102,,HOT,TRUE,,TRUE,,,TRUE
MASPE_2016_H01S,6.5,128.5,2016,06/12/2016,1S,ANC1S,75,-15.97066667,-5.771729865,,,MANMADE,,BT67102,,HOT,TRUE,TRUE,,,,
MASPE_2018_H42S1,42.5,0,2018,13/01/2019,42S,ANC42S,75,-15.97070235,-5.771727067,,,MANMADE,BT67026,BT67626,,HOT,,,TRUE,,,FALSE
MASPE_2015_H03S,29.5,20.5,2015,23/11/2015,3S,ANC3S,73.4748,-15.970728,-5.771667,,,MANMADE,BT67101,BT67685,,HOT,TRUE,TRUE,,,,
MASPE_2016_H03S,25,110,2016,06/12/2016,3S,ANC3S,73.4748,-15.970728,-5.771667,,,MANMADE,BT69126,BT67685,,HOT,TRUE,TRUE,,,,
MASPE_2018_H95S,29.75,8.75,2018,12/11/2018,95S,ANC95S,75.265594,-15.97070944,-5.771726772,,,MANMADE,BT69533,BT67685,,HOT,TRUE,,TRUE,,,TRUE
MASPE_2017_H01R,75.5,0,2017,10/12/2017,1R,ANC1R,46.1535,-15.97032318,-5.772801108,,,MANMADE,BT67696,BT67687,,HOT,,,TRUE,,,FALSE
MASPE_2015_H03R,50,0,2015,23/11/2015,3R,ANC3R,45.0277,-15.9703301,-5.772796287,,,MANMADE,BT67144,BT67688,,HOT,,,TRUE,,,
MASPE_2017_H03R,39,48.5,2017,28/11/2017,3R,ANC3R,45.0277,-15.9703301,-5.772796287,,,MANMADE,BT67144,BT67688,,HOT,TRUE,TRUE,,,,FALSE
MASPE_2018_H03R,36.5,0,2018,14/11/2018,3R,ANC3R,45.0277,-15.9703301,-5.772796287,,,MANMADE,BT67144,BT67688,,HOT,,,TRUE,,,FALSE
MASPE_2016_H07S,42,0,2016,06/12/2016,7S,ANC7S,74.9537,-15.97068715,-5.771708932,,,MANMADE,BT69075,BT67692,,HOT,,,TRUE,,,
MASPE_2015_H10S,50,0,2015,23/11/2015,10S,ANC10S,74.4578,-15.97069445,-5.771759585,,,MANMADE,BT67694,BT67693,,HOT,,,TRUE,,,
MASPE_2016_H10S,25,110,2016,06/12/2016,10S,ANC10S,74.4578,-15.97069445,-5.771759585,,,MANMADE,BT67694,BT67693,,HOT,TRUE,TRUE,,,,
MASPE_2017_H10S,28.5,59,2017,28/11/2017,10S,ANC10S,74.4578,-15.97069445,-5.771759585,,,MANMADE,BT67694,BT67693,,HOT,TRUE,TRUE,,,,TRUE
MASPE_2014_H15S,35.5,21.5,2014,09/12/2014,15S,ANC15S,74.9726,-15.970738,-5.771667,,,MANMADE,BT67686,BT67695,,HOT,TRUE,TRUE,,,,
MASPE_2014_H01R,35.5,21.5,2014,09/12/2014,1R,ANC1R,46.1535,-15.97032318,-5.772801108,,,MANMADE,BT67687,BT67696,,HOT,TRUE,TRUE,,,,
MASPE_2018_H02R,25.75,8.75,2018,16/11/2018,2R,ANC2R,45.9118,-15.97032942,-5.77280731,,,MANMADE,BT67687,BT67696,,HOT,TRUE,,TRUE,,,FALSE
MASPE_2018_H01R,38.5,0,2018,12/11/2018,1R,ANC1R,46.1535,-15.97032318,-5.772801108,,,MANMADE,BT61074,BT67698,BT69419,HOT,,,TRUE,,,TRUE
MASPE_2017_H02R,28.5,59,2017,28/11/2017,2R,ANC2R,45.9118,-15.97032942,-5.77280731,,,MANMADE,BT61074,BT67698,,HOT,TRUE,TRUE,,,,TRUE
MASPE_2019_C02C,28.5,21.5,2019,15/05/2019,2C,ANC2C,52,-15.97034095,-5.772435188,,,MANMADE,BT61991,BT67766,,COOL,TRUE,TRUE,,,,FALSE
MASPE_2015_C02C,48,0,2015,29/05/2015,2C,ANC2C,52,-15.97034095,-5.772435188,,,MANMADE,BT67867,BT67766,,COOL,,,TRUE,,,
MASPE_2019_C04C,38,10,2019,17/05/2019,4C,ANC4C,53.5998,-15.97034608,-5.772410598,,,MANMADE,BT67767,BT67768,,COOL,TRUE,TRUE,,,,FALSE
MASPE_2018_C04C,14,0,2018,31/05/2018,4C,ANC4C,53.5998,-15.97034608,-5.772410598,,,MANMADE,BT67767,BT67768,,COOL,,,TRUE,,,FALSE
MASPE_2018_H42S,1,0,2018,12/11/2018,42S,ANC42S,75,-15.97070235,-5.771727067,,,MANMADE,BT67026,BT67800,,HOT,,,TRUE,,,FALSE
MASPE_2019_C01R,25,25,2019,15/05/2019,1R,ANC1R,46.1535,-15.97032318,-5.772801108,,,MANMADE,BT61180,BT67863,BT67868,COOL,TRUE,,TRUE,,,FALSE
MASPE_2017_C03C,31,76,2017,23/06/2017,3C,ANC3C,52.6063,-15.97033262,-5.77242076,,,MANMADE,BT67687,BT67867,,COOL,TRUE,TRUE,,,,
MASPE_2015_C02R,29,25,2015,04/06/2015,2R,ANC2R,45.9118,-15.97032942,-5.77280731,,,MANMADE,BT61180,BT67868,,COOL,TRUE,TRUE,TRUE,,,
MASPE_2018_C01R,6,0,2018,31/05/2018,1R,ANC1R,46.1535,-15.97032318,-5.772801108,,,MANMADE,BT61180,BT67868,,COOL,,,TRUE,,,FALSE
MASPE_2015_C05R,29,25,2015,04/06/2015,5R,ANC5R,44.8309,-15.97032191,-5.772785491,,,MANMADE,BT68287,BT67869,,COOL,TRUE,TRUE,,,,
MASPE_2018_C14S,41.5,0,2018,31/05/2018,14S,ANC14S,75.0105,-15.97071201,-5.771758751,,,MANMADE,BT69050,BT67929,,COOL,,,TRUE,,,TRUE
MASPE_2015_C04S,29,0,2015,03/06/2015,4S,ANC4S,73.8887,-15.97068588,-5.771697414,,,MANMADE,BT67929,BT67931,,COOL,,,TRUE,,,
MASPE_2018_C04S,2,12,2018,31/05/2018,4S,ANC4S,73.8887,-15.97068588,-5.771697414,,,MANMADE,BT69038,BT67931,,COOL,TRUE,,TRUE,,,TRUE
MASPE_2019_C98S,48,0,2019,15/05/2019,98S,ANC98S,74.726807,-15.97071527,-5.771783222,,,MANMADE,BT69499,BT67934,,COOL,,,TRUE,,,FALSE
MASPE_2015_C82S,29,0,2015,03/06/2015,82S,ANC82S,70.920677,-15.97074896,-5.771638135,,,MANMADE,BT68127,BT67935,,COOL,,,TRUE,,,
MASPE_2019_C20R,14,4,2019,15/05/2019,20R,ANC20R,42.2027,-15.97042032,-5.772881489,,,MANMADE,BT61597,BT68072,,COOL,TRUE,,TRUE,,,TRUE
MASPE_2016_C20R,31.5,94.5,2016,10/06/2016,20R,ANC20R,42.2027,-15.97042032,-5.772881489,,,MANMADE,,BT68072,,COOL,TRUE,TRUE,,,,
MASPE_2018_C21R,14,0,2018,31/05/2018,21R,ANC21R,35,-15.97041607,-5.772869816,,,MANMADE,BT62311,BT68087,,COOL,,,TRUE,,,TRUE
MASPE_2019_C79S,14,36,2019,15/05/2019,79S,ANC79S,73.4748,-15.97068122,-5.771687057,,,MANMADE,BT67932,BT68127,,COOL,TRUE,TRUE,,,,FALSE
MASPE_2018_C79S,41.5,0,2018,31/05/2018,79S,ANC79S,73.4748,-15.97068122,-5.771687057,,,MANMADE,BT67932,BT68127,,COOL,,,TRUE,,,FALSE
MASPE_2019_C01C,26.5,26.5,2019,15/05/2019,1C,ANC1C,51.863,-15.97033176,-5.772452541,,,MANMADE,BT54169,BT68228,,COOL,TRUE,TRUE,,,,FALSE
MASPE_2018_C01C,6,0,2018,31/05/2018,1C,ANC1C,51.863,-15.97033176,-5.772452541,,,MANMADE,BT54169,BT68228,,COOL,,,TRUE,,,FALSE
MASPE_2015_C01R,29,25,2015,04/06/2015,1R,ANC1R,46.1535,-15.97032318,-5.772801108,,,MANMADE,BT54135,BT68286,,COOL,TRUE,TRUE,,,,
MASPE_2018_C06R,18,96,2018,31/05/2018,6R,ANC6R,44.6347,-15.97032647,-5.772777019,,,MANMADE,BT67869,BT68287,,COOL,TRUE,TRUE,,,,TRUE
MASPE_2019_C06R,25,25,2019,15/05/2019,6R,ANC6R,44.6347,-15.97032647,-5.772777019,,,MANMADE,BT67869,BT68287,,COOL,TRUE,TRUE,,,,FALSE
MASPE_2019_C91R,35,10,2019,20/05/2019,91R,ANC91R,35.745895,-15.9702702,-5.772843607,,,MANMADE,BT69763,BT68291,,COOL,TRUE,TRUE,,,,FALSE
MASPE_2016_H14S,25,110,2016,06/12/2016,14S,ANC14S,75.0105,-15.97071201,-5.771758751,,,MANMADE,BT69127,BT68478,,HOT,TRUE,TRUE,,,,
MASPE_2017_H20R,7,0,2017,28/11/2017,20R,ANC20R,42.2027,-15.97042032,-5.772881489,,,MANMADE,BT68984,BT68480,,HOT,,,TRUE,,,FALSE
MASPE_2017_H09S,39,48.5,2017,28/11/2017,9S,ANC9S,74.4298,-15.970714,-5.771682,,BT69187,MANMADE,BT67697,BT68658,BT69072,HOT,TRUE,TRUE,,,,TRUE
MASPE_2017_H04C,39,48.5,2017,28/11/2017,4C,ANC4C,53.5998,-15.97034608,-5.772410598,,,MANMADE,BT68982,BT68948,,HOT,TRUE,TRUE,,,,TRUE
MASPE_2018_H04C,12,36.5,2018,07/01/2019,4C,ANC4C,53.5998,-15.97034608,-5.772410598,,,MANMADE,BT68948,BT68982,,HOT,TRUE,TRUE,,,,FALSE
MASPE_2015_H20R,50,0,2015,23/11/2015,20R,ANC20R,42.2027,-15.97042032,-5.772881489,,,MANMADE,BT68480,BT68984,,HOT,,,TRUE,,,
MASPE_2018_H20R,38.5,26.5,2018,12/11/2018,20R,ANC20R,42.2027,-15.97042032,-5.772881489,,,MANMADE,BT68480,BT68984,,HOT,TRUE,,TRUE,,,FALSE
MASPE_2018_H07R,36.5,19.5,2018,14/11/2018,7R,ANC7R,41.8042,-15.97040853,-5.772886627,,,MANMADE,BT62138,BT68986,,HOT,TRUE,,TRUE,,,FALSE
MASPE_2016_C10S,10.5,115.5,2016,10/06/2016,10S,ANC10S,74.4578,-15.97069445,-5.771759585,,,MANMADE,BT67933,BT69040,,COOL,TRUE,TRUE,,,,
MASPE_2018_C10S,9,105,2018,31/05/2018,10S,ANC10S,74.4578,-15.97069445,-5.771759585,,,MANMADE,BT67933,BT69040,,COOL,TRUE,TRUE,,,,TRUE
MASPE_2019_C10S,30,0,2019,04/06/2019,10S,ANC10S,74.4578,-15.97069445,-5.771759585,,,MANMADE,BT67933,BT69040,,COOL,,,TRUE,,,FALSE
MASPE_2019_C12S,50,0,2019,15/05/2019,12S,ANC12S,74.815,-15.97069361,-5.771765377,,,MANMADE,BT61901,BT69041,,COOL,,,TRUE,,,TRUE
MASPE_2018_C12S,14,0,2018,31/05/2018,12S,ANC12S,74.815,-15.97069361,-5.771765377,,,MANMADE,BT61901,BT69041,,COOL,,,TRUE,,,TRUE
MASPE_2017_C12S,10,97,2017,23/06/2017,12S,ANC12S,74.815,-15.97069361,-5.771765377,,,MANMADE,,BT69041,,COOL,TRUE,TRUE,,,,
MASPE_2016_C12S,21,0,2016,10/06/2016,12S,ANC12S,74.815,-15.97069361,-5.771765377,,,MANMADE,,BT69041,,COOL,,,TRUE,,,
MASPE_2016_C103S,31.5,94.5,2016,10/06/2016,103S,ANC103S,77.858818,-15.97074487,-5.771795931,,,MANMADE,BT68055,BT69042,,COOL,TRUE,TRUE,,,,
MASPE_2019_C103S,24,10,2019,31/05/2019,103S,ANC103S,77.858818,-15.97074487,-5.771795931,,,MANMADE,BT68055,BT69042,,COOL,TRUE,TRUE,,,,FALSE
MASPE_2016_C05R,31.5,73.5,2016,01/07/2016,5R,ANC5R,44.8309,-15.97032191,-5.772785491,,,MANMADE,BT54128,BT69043,,COOL,TRUE,TRUE,,,,
MASPE_2018_C05R,14,0,2018,31/05/2018,5R,ANC5R,44.8309,-15.97032191,-5.772785491,,,MANMADE,BT54128,BT69043,,COOL,,,TRUE,,,TRUE
MASPE_2016_C17R,10.5,110.5,2016,10/06/2016,17R,ANC17R,42.5167,-15.97041861,-5.772869399,,,MANMADE,BT68285,BT69045,,COOL,TRUE,TRUE,,,,
MASPE_2016_C02C,52.5,0,2016,10/06/2016,2C,ANC2C,52,-15.97034095,-5.772435188,,,MANMADE,BT69036,BT69046,,COOL,,,TRUE,,,
MASPE_2019_C53S,40,10,2019,15/05/2019,53S,ANC53S,78.5839,-15.97068851,-5.771740003,,,MANMADE,BT69496,BT69049,,COOL,TRUE,TRUE,,,,FALSE
MASPE_2018_C08S,11,0,2018,31/05/2018,8S,ANC8S,74.8157,-15.97068087,-5.771731725,,,MANMADE,BT69496,BT69049,,COOL,,,TRUE,,,FALSE
MASPE_2019_C14S,25,25,2019,15/05/2019,14S,ANC14S,75.0105,-15.97071201,-5.771758751,,,MANMADE,BT67929,BT69050,,COOL,TRUE,TRUE,,,,TRUE
MASPE_2016_C14S,0,10.5,2016,10/06/2016,14S,ANC14S,75.0105,-15.97071201,-5.771758751,,,MANMADE,BT67929,BT69050,,COOL,TRUE,,TRUE,,,
MASPE_2019_C101S,23,25,2019,15/05/2019,101S,ANC101S,75.127144,-15.97074097,-5.771795247,,,MANMADE,BT69151,BT69052,,COOL,TRUE,TRUE,,,,TRUE
MASPE_2018_C48S,14,0,2018,10/06/2018,48S,ANC48S,75,-15.97074172,-5.771784992,,,MANMADE,,BT69052,,COOL,,,TRUE,,,FALSE
MASPE_2019_C16R,14,36,2019,15/05/2019,16R,ANC16R,43.4495,-15.970412,-5.772872,,,MANMADE,BT61779,BT69058,,COOL,TRUE,TRUE,,,,TRUE
MASPE_2018_C12R,9,105,2018,31/05/2018,12R,ANC12R,42.4154,-15.97041068,-5.77287906,,,MANMADE,BT68077,BT69059,,COOL,TRUE,TRUE,,,,FALSE
MASPE_2019_C12R,26.5,21.5,2019,15/05/2019,12R,ANC12R,42.4154,-15.97041068,-5.77287906,,,MANMADE,BT68077,BT69059,,COOL,TRUE,,TRUE,EGG BROKEN - PECKED,,FALSE
MASPE_2019_C52S,34,0,2019,31/05/2019,52S,ANC52S,78.625443,-15.97067954,-5.771740497,,,MANMADE,BT69498,BT69064,,COOL,,,TRUE,,,FALSE
MASPE_2018_C62S,14,0,2018,31/05/2018,62S,ANC62S,70.82852,-15.97068766,-5.771770994,,,MANMADE,BT69149,BT69068,,COOL,,,TRUE,,,FALSE
MASPE_2017_H103S,81.5,0,2017,04/12/2017,103S,ANC103S,77.858818,-15.97074487,-5.771795931,,,MANMADE,BT62232,BT69070,,HOT,,,UNKNOWN,,,FALSE
MASPE_2016_H09S,25,110,2016,06/12/2016,9S,ANC9S,74.4298,-15.970714,-5.771682,,,MANMADE,,BT69072,,HOT,TRUE,TRUE,,,,
MASPE_2016_H95S,29,0,2016,19/12/2016,95S,ANC95S,75.265594,-15.97070944,-5.771726772,,,MANMADE,,BT69072,,HOT,,,TRUE,,,
MASPE_2018_H01S,90.5,0,2018,26/11/2018,1S,ANC1S,75,-15.97066667,-5.771729865,,,MANMADE,,BT69072,,HOT,,,TRUE,,,FALSE
MASPE_2017_H15S,50.25,23.25,2017,10/12/2017,15S,ANC15S,74.9726,-15.970738,-5.771667,,,MANMADE,BT67695,BT69073,BT69417,HOT,,,TRUE,,,FALSE
MASPE_2016_H11S,25,110,2016,25/11/2016,11S,ANC11S,74.9934,-15.97068802,-5.771732207,,,MANMADE,BT61429,BT69074,,HOT,TRUE,TRUE,,,,
MASPE_2018_H01C,56,0,2018,14/11/2018,1C,ANC1C,51.863,-15.97033176,-5.772452541,,,MANMADE,BT62214,BT69120,BT69535,HOT,TRUE,,TRUE,,,FALSE
MASPE_2016_H86R,25,110,2016,06/12/2016,86R,ANC86R,35.908653,-15.97026485,-5.772842539,,,MANMADE,BT69121,BT69122,,HOT,TRUE,TRUE,,,,
MASPE_2017_H90R,75.5,0,2017,10/12/2017,90R,ANC90R,35.405457,-15.97026788,-5.772831609,,,MANMADE,BT69121,BT69122,,HOT,,,TRUE,,,FALSE
MASPE_2017_H14S,30,57.5,2017,28/11/2017,14S,ANC14S,75.0105,-15.97071201,-5.771758751,,,MANMADE,BT68478,BT69127,,HOT,TRUE,TRUE,,,,FALSE
MASPE_2018_H14S,38.5,22.5,2018,12/11/2018,14S,ANC14S,75.0105,-15.97071201,-5.771758751,,,MANMADE,BT68478,BT69127,,HOT,TRUE,,TRUE,,,TRUE
MASPE_2017_H101S,39,0,2017,28/11/2017,101S,ANC101S,75.127144,-15.97074097,-5.771795247,,,MANMADE,BT69128,BT69129,,HOT,,,TRUE,,,FALSE
MASPE_2018_H18R,16,0,2018,07/01/2019,18R,ANC18R,43.3754,-15.9704096,-5.77287723,,,MANMADE,BT68721,BT69141,,HOT,,,TRUE,,,FALSE
MASPE_2018_C86R,41.5,72.5,2018,31/05/2018,86R,ANC86R,35.908653,-15.97026485,-5.772842539,,,MANMADE,BT54691,BT69143,,COOL,TRUE,TRUE,,,,FALSE
MASPE_2017_C04R,49,58,2017,23/06/2017,4R,ANC4R,44.4009,-15.97033026,-5.772785315,,,MANMADE,BT62324,BT69144,,COOL,TRUE,TRUE,,,,
MASPE_2018_C13S,14,0,2018,31/05/2018,13S,ANC13S,72.7842,-15.97068628,-5.771669549,,,MANMADE,BT69053,BT69145,,COOL,,,TRUE,,,FALSE
MASPE_2017_C09S,10,0,2017,23/06/2017,9S,ANC9S,74.4298,-15.970714,-5.771682,,,MANMADE,BT69037,BT69148,,COOL,TRUE,,TRUE,,,
MASPE_2017_C62S,31,76,2017,23/06/2017,62S,ANC62S,70.82852,-15.97068766,-5.771770994,,,MANMADE,BT69068,BT69149,,COOL,TRUE,TRUE,,,,
MASPE_2019_C62S,31,10,2019,24/05/2019,62S,ANC62S,70.82852,-15.97068766,-5.771770994,,,MANMADE,BT69068,BT69149,,COOL,TRUE,TRUE,,,,FALSE
MASPE_2018_C78S,14,0,2018,31/05/2018,78S,ANC78S,72.85615,-15.97067982,-5.771636974,,,MANMADE,BT69480,BT69164,,COOL,,,TRUE,,,FALSE
MASPE_2017_C69S,29,0,2017,13/07/2017,69S,ANC69S,72.5768885,-15.97069689,-5.77166887,,,MANMADE,BT69068,BT69165,,COOL,,,TRUE,,,
MASPE_2018_C69S,41.5,0,2018,31/05/2018,69S,ANC69S,72.5768885,-15.97069689,-5.77166887,,,MANMADE,BT69156,BT69165,,COOL,,,TRUE,,,FALSE
MASPE_2018_C95S2,51,0,2018,02/08/2018,95S,ANC95S,75.265594,-15.97070944,-5.771726772,,,MANMADE,BT69174,BT69175,,COOL,,,TRUE,,,FALSE
MASPE_2017_H12R,87.5,0,2017,28/11/2017,12R,ANC12R,42.4154,-15.97041068,-5.77287906,,,MANMADE,BT69125,BT69185,,HOT,,,TRUE,,,FALSE
MASPE_2018_H12R,31.5,24.5,2018,19/11/2018,12R,ANC12R,42.4154,-15.97041068,-5.77287906,,,MANMADE,BT69125,BT69185,,HOT,TRUE,,TRUE,,,FALSE
MASPE_2017_H08R,30,57.5,2017,28/11/2017,8R,ANC8R,42.0464,-15.970422,-5.772872,,,MANMADE,BT69124,BT69186,BT54779,HOT,TRUE,,TRUE,,,TRUE
MASPE_2018_H08R,24.5,65.5,2018,26/11/2018,8R,ANC8R,42.0464,-15.970422,-5.772872,,,MANMADE,,BT69186,,HOT,TRUE,TRUE,,,,FALSE
MASPE_2017_H03C,28.5,59,2017,28/11/2017,3C,ANC3C,52.6063,-15.97033262,-5.77242076,,,MANMADE,BT69188,BT69189,,HOT,TRUE,TRUE,,,,FALSE
MASPE_2017_H12S,19,68.5,2017,28/11/2017,12S,ANC12S,74.815,-15.97069361,-5.771765377,,,MANMADE,BT69071,BT69193,,HOT,TRUE,TRUE,,,,TRUE
MASPE_2018_H12S,29.75,8.75,2018,12/11/2018,12S,ANC12S,74.815,-15.97069361,-5.771765377,,,MANMADE,BT69071,BT69193,,HOT,TRUE,,TRUE,,,TRUE
MASPE_2018_H72S,24.5,0,2018,26/11/2018,72S,ANC72S,74.3434299,-15.97069913,-5.771570384,,,MANMADE,BT69421,BT69194,,HOT,,,TRUE,,,FALSE
MASPE_2017_H15R,85.5,0,2017,30/11/2017,15R,ANC15R,42.4851,-15.97041273,-5.772878357,,,MANMADE,BT62121,BT69235,,HOT,,,TRUE,,,FALSE
MASPE_2017_H84S,77.5,0,2017,08/12/2017,84S,ANC84S,71.221184,-15.97075614,-5.771647539,,,MANMADE,BT69274,BT69238,,HOT,,,TRUE,,,FALSE
MASPE_2018_H84S,51,0,2018,26/11/2018,84S,ANC84S,71.221184,-15.97075614,-5.771647539,,,MANMADE,BT69274,BT69238,,HOT,,,TRUE,,,FALSE
MASPE_2017_H04R,87.5,0,2017,02/12/2017,4R,ANC4R,44.4009,-15.97033026,-5.772785315,,,MANMADE,BT61021,BT69272,BT69412,HOT,,,TRUE,,,FALSE
MASPE_2018_H02S,24.5,66,2018,26/11/2018,2S,ANC2S,73.4862,-15.97069526,-5.77168915,,,MANMADE,BT68587,BT69293,,HOT,TRUE,TRUE,,,,FALSE
MASPE_2017_H02S,85.5,0,2017,30/11/2017,2S,ANC2S,73.4862,-15.97069526,-5.77168915,,,MANMADE,BT68658,BT69293,,HOT,,,TRUE,,,FALSE
MASPE_2017_H21R,75.5,0,2017,08/12/2017,21R,ANC20R,42.2027,-15.97042032,-5.772881489,,,MANMADE,BT67516,BT69345,BT69346,HOT,,,TRUE,,,FALSE
MASPE_2018_H21R,38.5,24.5,2018,12/11/2018,21R,ANC21R,35,-15.97041607,-5.772869816,,,MANMADE,BT67516,BT69345,BT69538,HOT,TRUE,,TRUE,,,FALSE
MASPE_2017_H14R,75.5,0,2017,10/12/2017,14R,ANC14R,43.4422,-15.97041379,-5.77287479,,,MANMADE,BT62647,BT69411,,HOT,,,UNKNOWN,,,FALSE
MASPE_2018_H14R,16,0,2018,07/01/2019,14R,ANC14R,43.4422,-15.97041379,-5.77287479,,,MANMADE,BT62647,BT69411,,HOT,,,TRUE,,,FALSE
MASPE_2018_H04R,40,10.5,2018,03/12/2018,4R,ANC4R,44.4009,-15.97033026,-5.772785315,,,MANMADE,BT61021,BT69412,,HOT,TRUE,,TRUE,,,FALSE
MASPE_2018_H52S,9,39.5,2018,07/01/2019,52S,ANC52S,78.625443,-15.97067954,-5.771740497,,,MANMADE,BT54923,BT69413,,HOT,TRUE,,TRUE,,,FALSE
MASPE_2018_H06S,15,33.5,2018,07/01/2019,6S,ANC6S,74.4741,-15.97067447,-5.771731487,,,MANMADE,BT67699,BT69414,,HOT,TRUE,TRUE,,,,FALSE
MASPE_2018_H80S,36,47.5,2018,03/12/2018,80S,ANC80S,63.768867,-15.97074792,-5.771653788,,,MANMADE,BT69542,BT69416,,HOT,TRUE,TRUE,,,,FALSE
MASPE_2018_H67S,17.5,66,2018,03/12/2018,67S,ANC67S,71.900045,-15.9707148,-5.771754766,,,MANMADE,BT68485,BT69420,,HOT,TRUE,TRUE,,,,FALSE
MASPE_2019_C60S,38,0,2019,27/05/2019,60S,ANC60S,71.414619,-15.97070529,-5.77170916,,,MANMADE,BT69494,BT69481,,COOL,,,TRUE,,,FALSE
MASPE_2019_C99S,1.5,44.5,2019,15/05/2019,99S,ANC99S,74.6698,-15.970708,-5.771721,,,MANMADE,BT69507,BT69483,,COOL,TRUE,TRUE,,,,FALSE
MASPE_2018_C96S,18,0,2018,31/05/2018,96S,ANC96S,75.292412,-15.97070799,-5.771731969,,,MANMADE,BT69497,BT69484,,COOL,,,TRUE,,,FALSE
MASPE_2019_C96S,48,0,2019,17/05/2019,96S,ANC96S,75.292412,-15.97070799,-5.771731969,,,MANMADE,BT69497,BT69484,,COOL,,,TRUE,,,TRUE
MASPE_2018_C11S,9,105,2018,31/05/2018,11S,ANC11S,74.9934,-15.97068802,-5.771732207,,,MANMADE,BT69039,BT69487,,COOL,TRUE,TRUE,,,,TRUE
MASPE_2019_C11S,16,5.5,2019,15/05/2019,11S,ANC11S,74.9934,-15.97068802,-5.771732207,,,MANMADE,BT69039,BT69487,,COOL,TRUE,,TRUE,,,TRUE
MASPE_2018_C53S,14,0,2018,31/05/2018,53S,ANC53S,78.5839,-15.97068851,-5.771740003,,,MANMADE,BT69498,BT69488,,COOL,,,TRUE,,,FALSE
MASPE_2018_C100S,41.5,0,2018,31/05/2018,100S,ANC100S,75.2995,-15.97074148,-5.771792584,,,MANMADE,BT69500,BT69489,,COOL,,,TRUE,,,FALSE
MASPE_2019_C55S,25,0,2019,15/05/2019,55S,ANC55S,78.472595,-15.97073822,-5.771775536,,,MANMADE,BT69500,BT69489,,COOL,,,TRUE,,,TRUE
MASPE_2019_C47S,31,10,2019,24/05/2019,47S,ANC47S,74.700699,-15.97073668,-5.771796966,,,MANMADE,BT69051,BT69490,,COOL,TRUE,TRUE,,,,FALSE
MASPE_2018_C47S,14,0,2018,31/05/2018,47S,ANC47S,74.700699,-15.97073668,-5.771796966,,,MANMADE,BT69051,BT69490,,COOL,,,TRUE,,,FALSE
MASPE_2019_C89R,21,0,2019,24/05/2019,89R,ANC89R,35.945061,-15.97026151,-5.772831649,,,MANMADE,BT69503,BT69492,,COOL,,,,,,FALSE
MASPE_2018_C89R,41.5,0,2018,31/05/2018,89R,ANC89R,35.945061,-15.97026151,-5.772831649,,,MANMADE,BT69509,BT69492,,COOL,,,TRUE,,,FALSE
MASPE_2019_C19R,21.5,28.5,2019,15/05/2019,19R,ANC19R,43,-15.97042056,-5.772879781,,,MANMADE,BT68473,BT69493,,COOL,TRUE,TRUE,,,,FALSE
MASPE_2018_C19R,41.5,0,2018,31/05/2018,19R,ANC19R,43,-15.97042056,-5.772879781,,,MANMADE,BT68473,BT69493,,COOL,,,TRUE,,,FALSE
MASPE_2018_C60S,13,1,2018,31/05/2018,60S,ANC60S,71.414619,-15.97070529,-5.77170916,,,MANMADE,BT69481,BT69494,,COOL,TRUE,,TRUE,,,FALSE
MASPE_2018_C09S,14,100,2018,31/05/2018,9S,ANC9S,74.4298,-15.970714,-5.771682,,,MANMADE,BT68128,BT69495,,COOL,TRUE,TRUE,,,,FALSE
MASPE_2019_C01S,16,3.5,2019,15/05/2019,1S,ANC1S,75,-15.97066667,-5.771729865,,,MANMADE,BT68128,BT69496,,COOL,TRUE,,TRUE,,,TRUE
MASPE_2018_C98S,30.75,10.75,2018,31/05/2018,98S,ANC98S,74.726807,-15.97071527,-5.771783222,,,MANMADE,BT67934,BT69499,,COOL,TRUE,,TRUE,,,FALSE
MASPE_2018_C02R,7,34.5,2018,31/05/2018,2R,ANC2R,45.9118,-15.97032942,-5.77280731,,,MANMADE,BT68286,BT69502,,COOL,TRUE,,TRUE,,,FALSE
MASPE_2019_C02R,7,0,2019,15/05/2019,2R,ANC2R,45.9118,-15.97032942,-5.77280731,,,MANMADE,BT68286,BT69502,,COOL,,,TRUE,,,FALSE
MASPE_2018_C90R,41.5,0,2018,31/05/2018,90R,ANC90R,35.405457,-15.97026788,-5.772831609,,,MANMADE,BT69491,BT69503,,COOL,,,TRUE,,,FALSE
MASPE_2019_C17R,10.5,39.5,2019,15/05/2019,17R,ANC17R,42.5167,-15.97041861,-5.772869399,,,MANMADE,BT68315,BT69504,,COOL,TRUE,TRUE,,,,FALSE
MASPE_2018_C08R,41.5,72.5,2018,31/05/2018,8R,ANC8R,42.0464,-15.970422,-5.772872,,,MANMADE,BT69045,BT69505,,COOL,TRUE,,,,,FALSE
MASPE_2018_C76S,14,0,2018,31/05/2018,76S,ANC76S,72.8764,-15.97069521,-5.771647047,,,MANMADE,BT69479,BT69506,,COOL,,,TRUE,,,FALSE
MASPE_2018_C99S,18,0,2018,31/05/2018,99S,ANC99S,74.6698,-15.970708,-5.771721,,,MANMADE,BT69483,BT69507,,COOL,,,TRUE,,,FALSE
MASPE_2019_C03R,35,10,2019,20/05/2019,3R,ANC3R,45.0277,-15.9703301,-5.772796287,,,MANMADE,BT54060,BT69510,,COOL,TRUE,TRUE,,,,FALSE
MASPE_2018_C03R,37.5,0,2018,04/06/2018,3R,ANC3R,45.0277,-15.9703301,-5.772796287,,,MANMADE,BT54060,BT69510,,COOL,,,TRUE,,,FALSE
MASPE_2018_C02S,14,0,2018,31/05/2018,2S,ANC2S,73.4862,-15.97069526,-5.77168915,,,MANMADE,BT69482,BT69511,,COOL,,,TRUE,,,FALSE
MASPE_2018_H91R,57,0,2018,12/11/2018,91R,ANC91R,35.745895,-15.9702702,-5.772843607,,,MANMADE,BT69536,BT69525,,HOT,TRUE,,TRUE,,,FALSE
MASPE_2018_H17R,15.75,1.75,2018,12/11/2018,17R,ANC17R,42.5167,-15.97041861,-5.772869399,,,MANMADE,BT68479,BT69532,,HOT,TRUE,,TRUE,,,FALSE
MASPE_2018_H05S,31.5,66,2018,19/11/2018,5S,ANC5S,73.5226,-15.97069207,-5.771704653,,,MANMADE,BT67692,BT69539,,HOT,TRUE,TRUE,,,,FALSE
MASPE_2018_H62S,15.75,8.75,2018,26/11/2018,62S,ANC62S,70.82852,-15.97068766,-5.771770994,,,MANMADE,BT69540,BT69543,,HOT,TRUE,,TRUE,,,FALSE
MASPE_2018_H99S,17.5,66,2018,03/12/2018,99S,ANC99S,74.6698,-15.970708,-5.771721,,,MANMADE,BT69478,BT69545,,HOT,TRUE,TRUE,,,,FALSE
MASPE_2018_H98S,48.5,0,2018,07/01/2019,98S,ANC98S,74.726807,-15.97071527,-5.771783222,,,MANMADE,BT69544,BT69546,,HOT,,,TRUE,,,FALSE
MASPE_2018_H78S,48.5,0,2018,07/01/2019,78S,ANC78S,72.85615,-15.97067982,-5.771636974,,,MANMADE,BT69031,BT69566,,HOT,,,TRUE,,,FALSE
MASPE_2019_C51S,31,10,2019,24/05/2019,51S,ANC51S,74.727829,-15.9707351,-5.771802857,,,MANMADE,BT69752,BT69751,,COOL,TRUE,TRUE,,,,FALSE
MASPE_2019_C06S,21.5,0,2019,15/05/2019,6S,ANC6S,74.4741,-15.97067447,-5.771731487,,,MANMADE,BT69508,BT69753,,COOL,,,TRUE,EGG BROKEN- PECKED,,FALSE
MASPE_2019_C05S,50,0,2019,15/05/2019,5S,ANC5S,73.5226,-15.97069207,-5.771704653,,,MANMADE,BT69762,BT69754,,COOL,,,TRUE,,,TRUE
MASPE_2019_C05C,40,10,2019,15/05/2019,5C,ANC5C,52.3376,-15.97034254,-5.772462944,,,MANMADE,BT69512,BT69755,,COOL,TRUE,TRUE,,,,FALSE
MASPE_2019_C03C,21.5,28.5,2019,15/05/2019,3C,ANC3C,52.6063,-15.97033262,-5.77242076,,,MANMADE,BT67867,BT69756,,COOL,TRUE,TRUE,,,,FALSE
MASPE_2019_C23R,50,0,2019,15/05/2019,23R,ANC23R,35,-15.97030374,-5.772775404,,,MANMADE,BT69750,BT69757,,COOL,,,TRUE,,,FALSE
MASPE_2019_C09R,14,36,2019,15/05/2019,9R,ANC9R,43,-15.97041659,-5.772885604,,,MANMADE,BT69758,BT69759,,COOL,TRUE,TRUE,,,,FALSE
MASPE_2019_C21R,50,0,2019,15/05/2019,21R,ANC21R,35,-15.97041607,-5.772869816,,,MANMADE,BT68087,BT69761,,COOL,,,TRUE,,,FALSE
MASPE_2019_C38R,35,10,2019,20/05/2019,38R,ANC38R,35,-15.97040667,-5.772863581,,,MANMADE,BT69154,BT69764,,COOL,TRUE,TRUE,,,,FALSE
MASPE_2019_C56S,40,10,2019,15/05/2019,56S,ANC56S,75,-15.97073783,-5.771773132,,,MANMADE,BT69768,BT69150,,COOL,TRUE,TRUE,,,,TRUE
MASPE_2019_C02S,12.5,0,2019,24/05/2019,2S,ANC2S,73.4862,-15.97069526,-5.77168915,,,MANMADE,BT69767,BT69793,,COOL,,,TRUE,EGG ROLLED OUT OF ANC,,FALSE
MASPE_2019_C04R,38,0,2019,27/05/2019,4R,ANC4R,44.4009,-15.97033026,-5.772785315,,,MANMADE,BT69144,BT69795,,COOL,,,TRUE,,,FALSE
MASPE_2016_C03R,10.5,115.5,2016,10/06/2016,3R,ANC3R,45.0277,-15.9703301,-5.772796287,,,MANMADE,BT54060,,,COOL,TRUE,TRUE,,,,
MASPE_2017_C03R,10,0,2017,23/06/2017,3R,ANC3R,45.0277,-15.9703301,-5.772796287,,,MANMADE,BT54060,,,COOL,,,TRUE,,,
MASPE_2017_C05R,31,0,2017,23/06/2017,5R,ANC5R,44.8309,-15.97032191,-5.772785491,,,MANMADE,BT54128,,,COOL,,,TRUE,,,
MASPE_2019_C05R,48,0,2019,15/05/2019,5R,ANC5R,44.8309,-15.97032191,-5.772785491,,,MANMADE,BT54128,,,COOL,,,TRUE,,,FALSE
MASPE_2016_C01R,10.5,10.5,2016,10/06/2016,1R,ANC1R,46.1535,-15.97032318,-5.772801108,,,MANMADE,BT54133,,,COOL,TRUE,,TRUE,,,
MASPE_2016_C01C,10.5,52.5,2016,10/06/2016,1C,ANC1C,51.863,-15.97033176,-5.772452541,,,MANMADE,BT54169,,,COOL,TRUE,TRUE,,,,
MASPE_2018_H48S,48.5,0,2018,07/01/2019,48S,ANC48S,75,-15.97074172,-5.771784992,,,MANMADE,BT54851,,,HOT,,,TRUE,,,FALSE
MASPE_2018_C20R,0,114,2018,31/05/2018,20R,ANC20R,42.2027,-15.97042032,-5.772881489,,,MANMADE,BT61597,,,COOL,TRUE,TRUE,,,,FALSE
MASPE_2017_H17R,1,6,2017,28/11/2017,17R,ANC17R,42.5167,-15.97041861,-5.772869399,,,MANMADE,BT62121,,,HOT,TRUE,,TRUE,,,FALSE
MASPE_2017_C21R,7,58,2017,13/07/2017,21R,ANC21R,35,-15.97041607,-5.772869816,,,MANMADE,BT62311,,,COOL,TRUE,TRUE,,,,
MASPE_2016_H11R,0,54,2016,06/12/2016,11R,ANC11R,42.2853,-15.97040903,-5.772884393,,,MANMADE,BT62678,,,HOT,,,TRUE,,,
MASPE_2016_H04S,12,110,2016,19/12/2016,4S,ANC4S,73.8887,-15.97068588,-5.771697414,,,MANMADE,BT62698,,,HOT,TRUE,TRUE,,,,
MASPE_2016_H03R,18.5,0,2016,06/12/2016,3R,ANC3R,45.0277,-15.9703301,-5.772796287,,,MANMADE,BT67144,,,HOT,,,TRUE,,,
MASPE_2016_H05R,19,6,2016,06/12/2016,5R,ANC5R,44.8309,-15.97032191,-5.772785491,,,MANMADE,BT67310,,,HOT,TRUE,,TRUE,,,
MASPE_2018_H05R,38.5,24.5,2018,12/11/2018,5R,ANC5R,44.8309,-15.97032191,-5.772785491,,,MANMADE,BT67310,,,HOT,TRUE,,TRUE,,,FALSE
MASPE_2014_H03S,1,0,2014,21/12/2014,3S,ANC3S,73.4748,-15.970728,-5.771667,,,MANMADE,BT67685,,,HOT,,,TRUE,,,
MASPE_2016_H01R,25,22.5,2016,06/12/2016,1R,ANC1R,46.1535,-15.97032318,-5.772801108,,,MANMADE,BT67687,,,HOT,TRUE,TRUE,,,,
MASPE_2014_H03R,13,0,2014,09/12/2014,3R,ANC3R,45.0277,-15.9703301,-5.772796287,,,MANMADE,BT67688,,,HOT,,,,,,
MASPE_2016_H05S,25,110,2016,06/12/2016,5S,ANC5S,73.5226,-15.97069207,-5.771704653,,,MANMADE,BT67691,,,HOT,TRUE,TRUE,,,,
MASPE_2014_H07S,10,0,2014,12/12/2014,7S,ANC7S,74.9537,-15.97068715,-5.771708932,,,MANMADE,BT67692,,,HOT,,,TRUE,,,
MASPE_2015_H07S,20.5,20.5,2015,02/12/2015,7S,ANC7S,74.9537,-15.97068715,-5.771708932,,,MANMADE,BT67692,,,HOT,TRUE,TRUE,,,,
MASPE_2016_H02R,6.5,18.5,2016,06/12/2016,2R,ANC2R,45.9118,-15.97032942,-5.77280731,,,MANMADE,BT67698,,,HOT,TRUE,,TRUE,,,
MASPE_2015_C03C,25.5,0,2015,07/06/2015,3C,ANC3C,52.6063,-15.97033262,-5.77242076,,,MANMADE,BT67766,,,COOL,,,TRUE,,,
MASPE_2016_C04C,10.5,115.5,2016,10/06/2016,4C,ANC4C,53.5998,-15.97034608,-5.772410598,,,MANMADE,BT67767,,,COOL,TRUE,TRUE,,,,
MASPE_2015_C04C,59,0,2015,28/07/2015,4C,ANC4C,53.5998,-15.97034608,-5.772410598,,,MANMADE,BT67767,,,COOL,,,TRUE,,,
MASPE_2017_C04C,10,0,2017,23/06/2017,4C,ANC4C,53.5998,-15.97034608,-5.772410598,,,MANMADE,BT67767,,,COOL,,,TRUE,,,
MASPE_2015_C07S,0,27.5,2015,03/06/2015,7S,ANC7S,74.9537,-15.97068715,-5.771708932,,,MANMADE,BT67930,,,COOL,TRUE,TRUE,,,,
MASPE_2015_C03S,27.5,0,2015,03/06/2015,3S,ANC3S,73.4748,-15.970728,-5.771667,,,MANMADE,BT67932,,,COOL,TRUE,,TRUE,,,
MASPE_2015_C10S,29,26,2015,03/06/2015,10S,ANC10S,74.4578,-15.97069445,-5.771759585,,,MANMADE,BT67933,,,COOL,TRUE,TRUE,,,,
MASPE_2015_C12S,29,0,2015,03/06/2015,12S,ANC12S,74.815,-15.97069361,-5.771765377,,,MANMADE,BT67934,,,COOL,,,TRUE,,,
MASPE_2016_C03S,0,52.5,2016,10/06/2016,3S,ANC3S,73.4748,-15.970728,-5.771667,,,MANMADE,BT68127,,,COOL,TRUE,TRUE,,,,
MASPE_2017_C03S,10,97,2017,23/06/2017,3S,ANC3S,73.4748,-15.970728,-5.771667,,,MANMADE,BT68127,,,COOL,TRUE,TRUE,,,,
MASPE_2015_C15S,26,26,2015,06/06/2015,15S,ANC15S,74.9726,-15.970738,-5.771667,,,MANMADE,BT68128,,,COOL,TRUE,TRUE,,,,
MASPE_2016_C15S,0,52.5,2016,10/06/2016,15S,ANC15S,74.9726,-15.970738,-5.771667,,,MANMADE,BT68128,,,COOL,TRUE,TRUE,,,,
MASPE_2015_C11R,25,25,2015,08/06/2015,11R,ANC11R,42.2853,-15.97040903,-5.772884393,,,MANMADE,BT68284,,,COOL,TRUE,TRUE,,,,
MASPE_2015_C17R,25,25,2015,08/06/2015,17R,ANC17R,42.5167,-15.97041861,-5.772869399,,,MANMADE,BT68285,,,COOL,TRUE,TRUE,,,,
MASPE_2017_C17R,11,0,2017,13/07/2017,17R,ANC17R,42.5167,-15.97041861,-5.772869399,,,MANMADE,BT68285,,,COOL,,,TRUE,,,
MASPE_2016_C06R,10.5,115.5,2016,10/06/2016,6R,ANC6R,44.6347,-15.97032647,-5.772777019,,,MANMADE,BT68287,,,COOL,TRUE,TRUE,,,,
MASPE_2017_C80S,31,76,2017,23/06/2017,80S,ANC80S,63.768867,-15.97074792,-5.771653788,,,MANMADE,BT68297,,,COOL,TRUE,TRUE,,,,
MASPE_2015_H17R,1.5,0,2015,23/11/2015,17R,ANC17R,42.5167,-15.97041861,-5.772869399,,,MANMADE,BT68479,,,HOT,,,TRUE,,,
MASPE_2018_H43S,12.5,0,2018,11/01/2019,43S,ANC43S,75,-15.97069493,-5.771720212,,,MANMADE,BT68518,,,HOT,,,TRUE,,,
MASPE_2017_H02C,81.5,0,2017,04/12/2017,2C,ANC2C,52,-15.97034095,-5.772435188,,,MANMADE,BT68519,,,HOT,,,TRUE,,,FALSE
MASPE_2016_H04C,42,0,2016,06/12/2016,4C,ANC4C,53.5998,-15.97034608,-5.772410598,,,MANMADE,BT68948,,,HOT,,,TRUE,,,
MASPE_2016_H20R,25,22.5,2016,06/12/2016,20R,ANC20R,42.2027,-15.97042032,-5.772881489,,,MANMADE,BT68984,,,HOT,TRUE,,TRUE,,,
MASPE_2015_H07R,43,41,2015,30/11/2015,7R,ANC7R,41.8042,-15.97040853,-5.772886627,,,MANMADE,BT68985,,,HOT,TRUE,TRUE,,,,
MASPE_2016_H07R,29,0,2016,19/12/2016,7R,ANC7R,41.8042,-15.97040853,-5.772886627,,,MANMADE,BT68985,,,HOT,,,TRUE,,,
MASPE_2016_H10R,6.5,0,2016,06/12/2016,10R?,ANC10R,41.9784,-15.97041689,-5.772887573,,,MANMADE,BT68985,,,HOT,,,TRUE,,,
MASPE_2017_C02C,10,0,2017,23/06/2017,2C,ANC2C,52,-15.97034095,-5.772435188,,,MANMADE,BT69036,,,COOL,,,TRUE,,,
MASPE_2016_C01S,52.5,0,2016,10/06/2016,1S,ANC1S,75,-15.97066667,-5.771729865,,,MANMADE,BT69037,,,COOL,,,TRUE,,,
MASPE_2016_C04S,0,10.5,2016,10/06/2016,4S,ANC4S,73.8887,-15.97068588,-5.771697414,,,MANMADE,BT69038,,,COOL,TRUE,,TRUE,,,
MASPE_2016_C11S,10.5,0,2016,10/06/2016,11S,ANC11S,74.9934,-15.97068802,-5.771732207,,,MANMADE,BT69039,,,COOL,,,TRUE,,,
MASPE_2017_C103S,0,49,2017,23/06/2017,103S,ANC103S,77.858818,-15.97074487,-5.771795931,,,MANMADE,BT69042,,,COOL,TRUE,TRUE,,,,
MASPE_2016_C07R,31.5,0,2016,01/07/2016,7R,ANC7R,41.8042,-15.97040853,-5.772886627,,,MANMADE,BT69044,,,COOL,,,TRUE,,,
MASPE_2016_C06S,31.5,0,2016,01/07/2016,6S,ANC6S,74.4741,-15.97067447,-5.771731487,,,MANMADE,BT69049,,,COOL,,,TRUE,,,
MASPE_2016_C52S,10.5,0,2016,01/07/2016,52S,ANC52S,78.625443,-15.97067954,-5.771740497,,,MANMADE,BT69051,,,COOL,,,TRUE,,,
MASPE_2017_C16R,0,49,2017,23/06/2017,16R,ANC16R,43.4495,-15.970412,-5.772872,,,MANMADE,BT69058,,,COOL,TRUE,TRUE,,,,
MASPE_2016_H12s,19,6,2016,06/12/2016,12S,ANC12S,74.815,-15.97069361,-5.771765377,,,MANMADE,BT69071,,,HOT,TRUE,,TRUE,,,
MASPE_2016_H15S,35.5,99.5,2016,06/12/2016,15S,ANC15S,74.9726,-15.970738,-5.771667,,,MANMADE,BT69073,,,HOT,TRUE,TRUE,,,,
MASPE_2016_H01C,25,110,2016,06/12/2016,1C,ANC1C,51.863,-15.97033176,-5.772452541,,,MANMADE,BT69120,,,HOT,TRUE,TRUE,,,,
MASPE_2018_H86R,36.5,0,2018,14/11/2018,86R,ANC86R,35.908653,-15.97026485,-5.772842539,,,MANMADE,BT69121,,,HOT,,,TRUE,,,FALSE
MASPE_2016_H102S,77,0,2016,02/02/2017,102S,ANC102S,77.715256,-15.97074095,-5.771798614,,,MANMADE,BT69142,,,HOT,,,TRUE,,,
MASPE_2017_C86R,10,0,2017,23/06/2017,86R,ANC86R,35.908653,-15.97026485,-5.772842539,,,MANMADE,BT69143,,,COOL,,,TRUE,,,
MASPE_2017_C13S,10,0,2017,23/06/2017,13S,ANC13S,72.7842,-15.97068628,-5.771669549,,,MANMADE,BT69145,,,COOL,,,TRUE,,,
MASPE_2017_C05S,10,97,2017,23/06/2017,5S,ANC5S,73.5226,-15.97069207,-5.771704653,,,MANMADE,BT69146,,,COOL,TRUE,TRUE,,,,
MASPE_2018_C05S,21.5,0,2018,20/06/2018,5S,ANC5S,73.5226,-15.97069207,-5.771704653,,,MANMADE,BT69148,,,COOL,,,TRUE,,,FALSE
MASPE_2017_C45S,10,97,2017,23/06/2017,45S,ANC45S,74.391144,-15.970708,-5.771705,,,MANMADE,BT69150,,,COOL,TRUE,TRUE,,,,
MASPE_2017_C102S,10,39,2017,23/06/2017,102S,ANC102S,77.715256,-15.97074095,-5.771798614,,,MANMADE,BT69151,,,COOL,TRUE,TRUE,,,,
MASPE_2017_C07R,31,0,2017,23/06/2017,7R,ANC7R,41.8042,-15.97040853,-5.772886627,,,MANMADE,BT69152,,,COOL,,,TRUE,,,
MASPE_2017_C05C,11,0,2017,13/07/2017,5C,ANC5C,52.3376,-15.97034254,-5.772462944,,,MANMADE,BT69155,,,COOL,,,TRUE,,,
MASPE_2017_C74S,11,0,2017,13/07/2017,74S,ANC74S,71.949127,-15.97070948,-5.771768755,,,MANMADE,BT69159,,,COOL,,,TRUE,,,
MASPE_2018_C42S,51,0,2018,02/08/2018,42S,ANC42S,75,-15.97070235,-5.771727067,,,MANMADE,BT69159,,,COOL,,,TRUE,,,FALSE
MASPE_2017_C14R,29,58,2017,13/07/2017,14R,ANC14R,43.4422,-15.97041379,-5.77287479,,,MANMADE,BT69160,,,COOL,TRUE,TRUE,,,,
MASPE_2017_C78S,87,0,2017,13/07/2017,78S,ANC78S,72.85615,-15.97067982,-5.771636974,,,MANMADE,BT69164,,,COOL,,,TRUE,,,
MASPE_2018_C95S,2,0,2018,12/06/2018,95S,ANC95S,75.265594,-15.97070944,-5.771726772,,,MANMADE,BT69175,,,COOL,,,TRUE,,,FALSE
MASPE_2017_H80S,69.5,0,2017,16/12/2017,80S,ANC80S,63.768867,-15.97074792,-5.771653788,,,MANMADE,BT69416,,,HOT,,,TRUE,,,FALSE
MASPE_2017_H05C,67.5,0,2017,18/12/2017,5C,ANC5C,52.3376,-15.97034254,-5.772462944,,,MANMADE,BT69419,,,HOT,,,UNKNOWN,,,FALSE
MASPE_2018_H05C,17.5,0,2018,03/12/2018,5C,ANC5C,52.3376,-15.97034254,-5.772462944,,,MANMADE,BT69419,,,HOT,,,TRUE,,,FALSE
MASPE_2018_C91R,14,0,2018,04/06/2018,91R,ANC91R,35.745895,-15.9702702,-5.772843607,,,MANMADE,BT69501,,,COOL,,,TRUE,,,FALSE
MASPE_2019_C70SB,27,0,2019,07/06/2019,70S,ANC70S,71.9272,-15.97069633,-5.771677544,,,MANMADE,BT69506,,,COOL,,,TRUE,,,FALSE
MASPE_2018_C06S,41.5,0,2018,31/05/2018,6S,ANC6S,74.4741,-15.97067447,-5.771731487,,,MANMADE,BT69508,,,COOL,,,TRUE,,,FALSE
MASPE_2018_C05C,1,0,2018,10/06/2018,5C,ANC5C,52.3376,-15.97034254,-5.772462944,,,MANMADE,BT69512,,,COOL,,,TRUE,,,FALSE
MASPE_2019_C76S,30,0,2019,04/06/2019,76S,ANC76S,72.8764,-15.97069521,-5.771647047,,,MANMADE,BT69513,,,COOL,,,TRUE,,,FALSE
MASPE_2018_C80S,102,0,2018,12/06/2018,80S,ANC80S,63.768867,-15.97074792,-5.771653788,,,MANMADE,BT69516,,,COOL,,,TRUE,,,FALSE
MASPE_2018_H96S,3,0,2018,12/11/2018,96S,ANC96S,75.292412,-15.97070799,-5.771731969,,,MANMADE,BT69524,,,HOT,,,TRUE,,,FALSE
MASPE_2018_H76S,25.75,8.75,2018,16/11/2018,76S,ANC76S,72.8764,-15.97069521,-5.771647047,,,MANMADE,BT69529,,,HOT,TRUE,,TRUE,,,FALSE
MASPE_2018_H60S,24.5,65.5,2018,26/11/2018,60S,ANC60S,71.414619,-15.97070529,-5.77170916,,,MANMADE,BT69534,,,HOT,TRUE,,TRUE,,,FALSE
MASPE_2018_H89R,9,0,2018,07/01/2019,89R,ANC89R,35.945061,-15.97026151,-5.772831649,,,MANMADE,BT69537,,,HOT,,,TRUE,,,FALSE
MASPE_2018_H49S,3.5,0,2018,26/11/2018,49S,ANC49S,75.145981,-15.97074083,-5.771781923,,,MANMADE,BT69541,,,HOT,,,TRUE,,,FALSE
MASPE_2018_H38R,10.5,0,2018,13/01/2019,38R,ANC38R,35,-15.97040667,-5.772863581,,,MANMADE,BT69569,,,HOT,,,TRUE,,,FALSE
MASPE_2019_C74S,20,10,2019,04/06/2019,74S,ANC74S,71.949127,-15.97070948,-5.771768755,,,MANMADE,BT69798,,,COOL,TRUE,TRUE,,,,FALSE
MASPE_2019_C42S,20,10,2019,04/06/2019,42S,ANC42S,75,-15.97070235,-5.771727067,,,MANMADE,BT69799,,,COOL,TRUE,TRUE,,,,FALSE
MASPE_2019_C92S,27,0,2019,07/06/2019,92R,ANC92S,,,,,,MANMADE,BT69827,,,COOL,,,TRUE,,,FALSE
MASPE_2019_C15R,23,0,2019,11/06/2019,15R,ANC15R,,,,,,MANMADE,BT69851,,,COOL,,,TRUE,,,FALSE
MASPE_2019_C87S,23,0,2019,11/06/2019,87R,ANC87S,,,,,,MANMADE,BT69852,,,COOL,,,TRUE,,,FALSE
MASPE_2004_H08,0,18.5,2004,01/11/2004,8,EI,,,,202731,8232855,NATURAL,,,,HOT,TRUE,TRUE,,,,
MASPE_2004_H08B,6.5,0,2004,08/12/2004,8,EI,,,,202731,8232855,NATURAL,,,,HOT,,,TRUE,,,
MASPE_2004_H11214,14,0,2004,21/12/2004,70,PI,,,,202405,8232507,NATURAL,,,,HOT,,,TRUE,,,
MASPE_2004_H1213,14,0,2004,21/12/2004,69,PI,,,,202405,8232507,NATURAL,,,,HOT,,,TRUE,,,
MASPE_2005_C11221,16,68,2005,26/05/2005,77,PI,,,,202405,8232507,NATURAL,,,,COOL,TRUE,TRUE,,,,
MASPE_2005_C11222,16,0,2005,26/05/2005,78,PI,,,,202405,8232507,NATURAL,,,,COOL,,,TRUE,,,
MASPE_2005_C1719,84,0,2005,26/05/2005,180,E3,,,,202714,8232887,NATURAL,,,,COOL,,,TRUE,,,
MASPE_2005_C1720,31.5,0,2005,26/05/2005,181,E3,,,,202714,8232887,NATURAL,,,,COOL,,,TRUE,,,
MASPE_2005_C1721,16,68,2005,26/05/2005,182,E3,,,,202714,8232887,NATURAL,,,,COOL,TRUE,TRUE,,,,
MASPE_2005_C1722,84,0,2005,26/05/2005,183,E3,,,,202714,8232887,NATURAL,,,,COOL,,,TRUE,,,
MASPE_2005_C1723,84,0,2005,26/05/2005,184,E4,,,,202800,8232825,NATURAL,,,,COOL,,,TRUE,,,
MASPE_2005_C1724,16,0,2005,26/05/2005,185,E4,,,,202800,8232825,NATURAL,,,,COOL,,,TRUE,,,
MASPE_2005_C1725,16,68,2005,26/05/2005,186,E4,,,,202800,8232825,NATURAL,,,,COOL,TRUE,TRUE,,,,
MASPE_2005_C187,16,0,2005,26/05/2005,187,E4,,,,202800,8232825,NATURAL,,,,COOL,,,TRUE,,,
MASPE_2005_C188,16,0,2005,26/05/2005,188,E4,,,,202800,8232825,NATURAL,,,,COOL,,,TRUE,,,
MASPE_2005_C189,47.5,0,2005,26/05/2005,189,E4,,,,202800,8232825,NATURAL,,,,COOL,,,TRUE,,,
MASPE_2005_C190,47.5,0,2005,26/05/2005,190,E4,,,,202800,8232825,NATURAL,,,,COOL,,,TRUE,,,
MASPE_2005_C191,39.75,7.75,2005,26/05/2005,191,E4,,,,202800,8232825,NATURAL,,,,COOL,TRUE,,TRUE,,,
MASPE_2004_H138,8.75,8.75,2004,21/12/2004,138,E4,,,,202800,8232825,NATURAL,,,,HOT,TRUE,TRUE,,,,
MASPE_2004_H148,17.5,0,2004,21/12/2004,148,E4,,,,202800,8232825,NATURAL,,,,HOT,,,TRUE,,,
MASPE_2004_H16,18.5,0,2004,01/11/2004,16,EI,,,,202731,8232855,NATURAL,,,,HOT,,,TRUE,,,
MASPE_2004_H17,43.5,0,2004,01/11/2004,17,E4,,,,202800,8232825,NATURAL,,,,HOT,,,TRUE,,,
MASPE_2004_H18,9.25,9.25,2004,01/11/2004,18,E4,,,,202800,8232825,NATURAL,,,,HOT,TRUE,,TRUE,,,
MASPE_2004_H19,43.5,41.5,2004,01/11/2004,19,E4,,,,202800,8232825,NATURAL,,,,HOT,TRUE,TRUE,,,,
MASPE_2004_H66,6.5,6.5,2004,08/12/2004,66,E3,,,,202714,8232887,NATURAL,,,,HOT,TRUE,TRUE,,,,
MASPE_2004_H86,17.5,17.5,2004,21/12/2004,86,E2,,,,202655,8232836,NATURAL,,,,HOT,TRUE,TRUE,,,,
MASPE_2004_H99,17.5,0,2004,21/12/2004,99,E3,,,,202714,8232887,NATURAL,,,,HOT,,,TRUE,,,
MASPE_2005_H11240,46.5,0,2005,21/11/2005,97,PI,,,,202405,8232507,NATURAL,,,,HOT,,,TRUE,,,
MASPE_2005_H1690,0,53,2005,25/01/2005,151,E4,,,,202800,8232825,NATURAL,,,,HOT,TRUE,TRUE,,,,
MASPE_2005_H1693,17.5,0,2005,25/01/2005,154,E4,,,,202800,8232825,NATURAL,,,,HOT,,,TRUE,,,
MASPE_2005_H1964,54,0,2005,20/12/2005,425,E3,,,,202714,8232887,NATURAL,,,,HOT,,,TRUE,,,
MASPE_2005_H2091,16,0,2005,27/01/2006,552,E4,,,,202800,8232825,NATURAL,,,,HOT,,,TRUE,,,
MASPE_2005_H2096,16,0,2005,27/01/2006,557,E4,,,,202800,8232825,NATURAL,,,,HOT,,,TRUE,,,
MASPE_2005_H2128,16,0,2005,27/01/2006,589,E4,,,,202800,8232825,NATURAL,,,,HOT,,,TRUE,,,
MASPE_2005_H2139,0,16,2005,27/01/2006,601,E4,,,,202800,8232825,NATURAL,,,,HOT,TRUE,,TRUE,,,
MASPE_2005_H2142,16,0,2005,27/01/2006,604,E4,,,,202800,8232825,NATURAL,,,,HOT,,,TRUE,,,
MASPE_2005_H2144,0,28,2005,28/02/2006,606,E3,,,,202714,8232887,NATURAL,,,,HOT,TRUE,,TRUE,,,
MASPE_2005_H2145,0,14,2005,28/02/2006,607,E4,,,,202800,8232825,NATURAL,,,,HOT,TRUE,,TRUE,,,
MASPE_2005_H2148,0,14,2005,23/03/2006,610,E4,,,,202800,8232825,NATURAL,,,,HOT,TRUE,,TRUE,,,
MASPE_2005_H228,13,0,2005,26/10/2005,228,E4,,,,202800,8232825,NATURAL,,,,HOT,,,TRUE,,,
MASPE_2005_H229,71,0,2005,26/10/2005,229,E4,,,,202800,8232825,NATURAL,,,,HOT,,,TRUE,,,
MASPE_2005_H3307,30,0,2005,27/01/2006,600,E4,,,,202800,8232825,NATURAL,,,,HOT,,,TRUE,,,
MASPE_2005_H342,14.5,0,2005,21/11/2005,342,E4,,,,202800,8232825,NATURAL,,,,HOT,,,TRUE,,,
MASPE_2005_H350,19,0,2005,20/12/2005,350,E1,,,,202650,8232895,NATURAL,,,,HOT,,,TRUE,,,
MASPE_2005_H378,19,0,2005,20/12/2005,378,E1,,,,202650,8232895,NATURAL,,,,HOT,,,TRUE,,,
MASPE_2005_H397,19,0,2005,20/12/2005,397,E1,,,,202650,8232895,NATURAL,,,,HOT,,,TRUE,,,
MASPE_2005_C192,52,0,2005,27/06/2005,192,E1,,,,202650,8232895,NATURAL,,,,COOL,,,TRUE,,,
MASPE_2005_C193,15.5,67,2005,27/06/2005,193,E1,,,,202650,8232895,NATURAL,,,,COOL,TRUE,TRUE,,,,
MASPE_2005_C194,0,52,2005,27/06/2005,194,E3,,,,202714,8232887,NATURAL,,,,COOL,TRUE,TRUE,,,,
MASPE_2005_C195,15.5,36.5,2005,27/06/2005,195,E3,,,,202714,8232887,NATURAL,,,,COOL,TRUE,TRUE,,,,
MASPE_2005_C196,0,52,2005,27/06/2005,196,E4,,,,202800,8232825,NATURAL,,,,COOL,TRUE,TRUE,,,,
MASPE_2005_C197,52,0,2005,27/06/2005,197,E4,,,,202800,8232825,NATURAL,,,,COOL,,,TRUE,,,
MASPE_2005_C198,52,0,2005,27/06/2005,198,E4,,,,202800,8232825,NATURAL,,,,COOL,,,TRUE,,,
MASPE_2005_C199,15.5,15.5,2005,27/06/2005,199,E4,,,,202800,8232825,NATURAL,,,,COOL,TRUE,,TRUE,,,
MASPE_2005_C200,15.5,36.5,2005,27/06/2005,200,E4,,,,202800,8232825,NATURAL,,,,COOL,TRUE,TRUE,,,,
MASPE_2005_C201,0,52,2005,27/06/2005,201,E4,,,,202800,8232825,NATURAL,,,,COOL,TRUE,TRUE,,,,
MASPE_2005_C202,15.5,0,2005,27/06/2005,202,E4,,,,202800,8232825,NATURAL,,,,COOL,,,TRUE,,,
MASPE_2005_C203,15.5,67,2005,27/06/2005,203,E4,,,,202800,8232825,NATURAL,,,,COOL,TRUE,TRUE,,,,
MASPE_2005_C204,15.5,0,2005,27/06/2005,204,E4,,,,202800,8232825,NATURAL,,,,COOL,,,TRUE,,,
MASPE_2005_C205,15.5,36.5,2005,27/06/2005,205,E4,,,,202800,8232825,NATURAL,,,,COOL,TRUE,TRUE,,,,
MASPE_2005_C206,15.5,0,2005,27/06/2005,206,E4,,,,202800,8232825,NATURAL,,,,COOL,,,TRUE,,,
MASPE_2005_C207,15.5,36.5,2005,27/06/2005,207,E4,,,,202800,8232825,NATURAL,,,,COOL,TRUE,TRUE,,,,
MASPE_2005_C208,15.5,0,2005,27/06/2005,208,E4,,,,202800,8232825,NATURAL,,,,COOL,,,TRUE,,,
MASPE_2005_C209,15.5,67,2005,27/06/2005,209,E4,,,,202800,8232825,NATURAL,,,,COOL,TRUE,TRUE,,,,
MASPE_2005_C210,21,0,2005,28/07/2005,210,E3,,,,202714,8232887,NATURAL,,,,COOL,,,TRUE,,,
MASPE_2005_C211,0,21,2005,28/07/2005,211,E3,,,,202714,8232887,NATURAL,,,,COOL,TRUE,,TRUE,,,
MASPE_2005_C212,21,0,2005,28/07/2005,212,E4,,,,202800,8232825,NATURAL,,,,COOL,,,TRUE,,,
MASPE_2005_C213,0,51.5,2005,28/07/2005,213,E4,,,,202800,8232825,NATURAL,,,,COOL,TRUE,TRUE,,,,
MASPE_2005_C214,0,21,2005,28/07/2005,214,E4,,,,202800,8232825,NATURAL,,,,COOL,TRUE,,TRUE,,,
MASPE_2005_C215,0,21,2005,28/07/2005,215,E4,,,,202800,8232825,NATURAL,,,,COOL,TRUE,,TRUE,,,
MASPE_2005_C216,0,21,2005,28/07/2005,216,E4,,,,202800,8232825,NATURAL,,,,COOL,TRUE,,TRUE,,,
MASPE_2005_C217,0,21,2005,28/07/2005,217,E4,,,,202800,8232825,NATURAL,,,,COOL,TRUE,,TRUE,,,
MASPE_2005_C218,0,21,2005,28/07/2005,218,E4,,,,202800,8232825,NATURAL,,,,COOL,TRUE,,TRUE,,,
MASPE_2005_C4006,16,0,2005,26/05/2005,151,E4,,,,202800,8232825,NATURAL,,,,COOL,,,TRUE,,,
MASPE_2006_C182,14.5,0,2006,29/05/2006,182,PI,,,,202405,8232507,NATURAL,,,,COOL,,,TRUE,,,
MASPE_2006_C183,14.5,32,2006,29/05/2006,183,PI,,,,202405,8232507,NATURAL,,,,COOL,TRUE,,TRUE,,,
MASPE_2006_C184,46.5,0,2006,29/05/2006,184,PI,,,,202405,8232507,NATURAL,,,,COOL,,,TRUE,,,
MASPE_2006_C2143,48.5,64.5,2006,24/04/2006,605,E3,,,,202714,8232887,NATURAL,,,,COOL,TRUE,,TRUE,,,
MASPE_2006_C2147,14.5,0,2006,29/05/2006,609,E4,,,,202800,8232825,NATURAL,,,,COOL,,,TRUE,,,
MASPE_2006_C2149,48.5,0,2006,25/04/2006,611,E3,,,,202714,8232887,NATURAL,,,,COOL,,,TRUE,,,
MASPE_2006_C2150,17,0,2006,25/04/2006,612,E4,,,,202800,8232825,NATURAL,,,,COOL,,,TRUE,,,
MASPE_2006_C2151,48.5,0,2006,25/04/2006,613,E4,,,,202800,8232825,NATURAL,,,,COOL,,,TRUE,,,
MASPE_2006_C2152,48.5,0,2006,25/04/2006,614,E4,,,,202800,8232825,NATURAL,,,,COOL,,,TRUE,,,
MASPE_2006_C2153,48.5,0,2006,25/04/2006,615,E4,,,,202800,8232825,NATURAL,,,,COOL,,,TRUE,,,
MASPE_2006_C2154,48.5,0,2006,25/04/2006,616,E4,,,,202800,8232825,NATURAL,,,,COOL,,,TRUE,,,
MASPE_2006_C2156,48.5,47,2006,25/04/2006,618,E4,,,,202800,8232825,NATURAL,,,,COOL,TRUE,TRUE,,,,
MASPE_2006_C2157,17,0,2006,24/04/2006,619,E4,,,,202800,8232825,NATURAL,,,,COOL,,,TRUE,,,
MASPE_2006_C2158,48.5,64.5,2006,25/04/2006,620,E4,,,,202800,8232825,NATURAL,,,,COOL,TRUE,TRUE,,,,
MASPE_2006_C2159,80.5,0,2006,25/04/2006,621,E4,,,,202800,8232825,NATURAL,,,,COOL,,,TRUE,,,
MASPE_2006_C2160,14.5,0,2006,29/05/2006,622,E1,,,,202650,8232895,NATURAL,,,,COOL,,,TRUE,,,
MASPE_2006_C2161,46.5,60,2006,29/05/2006,623,E1,,,,202650,8232895,NATURAL,,,,COOL,TRUE,TRUE,,,,
MASPE_2006_C2162,14.5,0,2006,29/05/2006,624,E3,,,,202714,8232887,NATURAL,,,,COOL,,,TRUE,,,
MASPE_2006_C2163,14.5,32,2006,29/05/2006,625,E3,,,,202714,8232887,NATURAL,,,,COOL,TRUE,TRUE,,,,
MASPE_2006_C2164,14.5,64.5,2006,29/05/2006,626,E3,,,,202714,8232887,NATURAL,,,,COOL,TRUE,TRUE,,,,
MASPE_2006_C2165,14.5,32,2006,29/05/2006,627,E3,,,,202714,8232887,NATURAL,,,,COOL,TRUE,TRUE,,,,
MASPE_2006_C2166,46.5,60,2006,29/05/2006,628,E3,,,,202714,8232887,NATURAL,,,,COOL,TRUE,TRUE,,,,
MASPE_2006_C2167,7.25,7.25,2006,29/05/2006,629,E3,,,,202714,8232887,NATURAL,,,,COOL,TRUE,,TRUE,,,
MASPE_2006_C2168,46.5,0,2006,29/05/2006,630,E3,,,,202714,8232887,NATURAL,,,,COOL,,,TRUE,,,
MASPE_2006_C2169,46.5,60,2006,29/05/2006,631,E3,,,,202714,8232887,NATURAL,,,,COOL,TRUE,TRUE,,,,
MASPE_2006_C2171,14.5,32,2006,29/05/2006,633,E3,,,,202714,8232887,NATURAL,,,,COOL,TRUE,TRUE,,,,
MASPE_2006_C2172,14.5,0,2006,29/05/2006,634,E3,,,,202714,8232887,NATURAL,,,,COOL,,,TRUE,,,
MASPE_2006_C2173,14.5,64.5,2006,29/05/2006,635,E4,,,,202800,8232825,NATURAL,,,,COOL,TRUE,TRUE,,,,
MASPE_2006_C2174,46.5,60,2006,29/05/2006,636,E4,,,,202800,8232825,NATURAL,,,,COOL,TRUE,TRUE,,,,
MASPE_2006_C2175,14.5,0,2006,29/05/2006,637,E4,,,,202800,8232825,NATURAL,,,,COOL,,,TRUE,,,
MASPE_2006_C2176,14.5,64.5,2006,29/05/2006,638,E4,,,,202800,8232825,NATURAL,,,,COOL,TRUE,TRUE,,,,
MASPE_2006_C2177,14.5,0,2006,29/05/2006,639,E4,,,,202800,8232825,NATURAL,,,,COOL,,,TRUE,,,
MASPE_2006_C2178,14.5,64.5,2006,29/05/2006,640,E4,,,,202800,8232825,NATURAL,,,,COOL,TRUE,TRUE,,,,
MASPE_2006_C2179,46.5,32.5,2006,29/05/2006,641,E4,,,,202800,8232825,NATURAL,,,,COOL,TRUE,TRUE,,,,
MASPE_2006_C2180,14.5,32,2006,29/05/2006,642,E4,,,,202800,8232825,NATURAL,,,,COOL,TRUE,TRUE,,,,
MASPE_2006_C2181,14.5,0,2006,29/05/2006,643,E4,,,,202800,8232825,NATURAL,,,,COOL,,,TRUE,,,
MASPE_2006_C2182,14.5,0,2006,29/05/2006,644,E4,,,,202800,8232825,NATURAL,,,,COOL,,,TRUE,,,
MASPE_2006_C2183,46.5,0,2006,29/05/2006,645,E4,,,,202800,8232825,NATURAL,,,,COOL,,,TRUE,,,
MASPE_2006_C2184,14.5,0,2006,29/05/2006,646,E4,,,,202800,8232825,NATURAL,,,,COOL,,,TRUE,,,
MASPE_2006_C2185,46.5,0,2006,29/05/2006,647,E4,,,,202800,8232825,NATURAL,,,,COOL,,,TRUE,,,
MASPE_2006_C2186,14.5,0,2006,29/05/2006,648,E4,,,,202800,8232825,NATURAL,,,,COOL,,,TRUE,,,
MASPE_2006_C2187,14.5,47,2006,29/05/2006,649,E4,,,,202800,8232825,NATURAL,,,,COOL,TRUE,TRUE,,,,
MASPE_2006_C2188,14.5,64.5,2006,29/05/2006,650,E4,,,,202800,8232825,NATURAL,,,,COOL,TRUE,TRUE,,,,
MASPE_2006_C2189,14.5,64.5,2006,29/05/2006,651,E4,,,,202800,8232825,NATURAL,,,,COOL,TRUE,TRUE,,,,
MASPE_2006_C2190,37.75,8.75,2006,29/05/2006,652,E4,,,,202800,8232825,NATURAL,,,,COOL,TRUE,,TRUE,,,
MASPE_2006_C2191,14.5,32,2006,29/05/2006,653,E4,,,,202800,8232825,NATURAL,,,,COOL,TRUE,TRUE,,,,
MASPE_2006_C2192,14.5,64.5,2006,29/05/2006,654,E4,,,,202800,8232825,NATURAL,,,,COOL,TRUE,TRUE,,,,
MASPE_2006_C2193,14.5,64.5,2006,29/05/2006,655,E4,,,,202800,8232825,NATURAL,,,,COOL,TRUE,TRUE,,,,
MASPE_2006_C2194,14.5,0,2006,29/05/2006,656,E4,,,,202800,8232825,NATURAL,,,,COOL,,,TRUE,,,
MASPE_2006_C2195,14.5,32,2006,29/05/2006,657,E4,,,,202800,8232825,NATURAL,,,,COOL,TRUE,TRUE,,,,
MASPE_2006_C2196,46.5,0,2006,29/05/2006,658,E4,,,,202800,8232825,NATURAL,,,,COOL,,,TRUE,,,
MASPE_2006_C2197,14.5,64.5,2006,29/05/2006,659,E4,,,,202800,8232825,NATURAL,,,,COOL,TRUE,TRUE,,,,
MASPE_2006_C2198,17.5,0,2006,27/06/2006,660,E4,,,,202800,8232825,NATURAL,,,,COOL,,,TRUE,,,
MASPE_2006_C2199,8.75,8.75,2006,27/06/2006,661,E4,,,,202800,8232825,NATURAL,,,,COOL,TRUE,,TRUE,,,
MASPE_2006_C2201,17.5,60,2006,27/06/2006,663,E4,,,,202800,8232825,NATURAL,,,,COOL,TRUE,TRUE,,,,
MASPE_2006_C2202,50,0,2006,27/06/2006,664,E4,,,,202800,8232825,NATURAL,,,,COOL,,,TRUE,,,
MASPE_2006_C2203,17.5,32.5,2006,27/06/2006,665,E4,,,,202800,8232825,NATURAL,,,,COOL,TRUE,TRUE,,,,
MASPE_2006_C2204,17.5,0,2006,27/06/2006,666,E4,,,,202800,8232825,NATURAL,,,,COOL,,,TRUE,,,
MASPE_2006_C2205,17.5,0,2006,27/06/2006,667,E4,,,,202800,8232825,NATURAL,,,,COOL,,,TRUE,,,
MASPE_2006_C2206,17.5,0,2006,27/06/2006,668,E4,,,,202800,8232825,NATURAL,,,,COOL,,,TRUE,,,
MASPE_2005_H4005,0,14,2005,28/03/2006,609,E4,,,,202800,8232825,NATURAL,,,,HOT,TRUE,,TRUE,,,
MASPE_2005_H426,19,0,2005,20/12/2005,426,E3,,,,202714,8232887,NATURAL,,,,HOT,,,TRUE,,,
MASPE_2005_H493,19,0,2005,20/12/2005,493,E3,,,,202714,8232887,NATURAL,,,,HOT,,,TRUE,,,
MASPE_2005_H494,19,0,2005,20/12/2005,494,E3,,,,202714,8232887,NATURAL,,,,HOT,,,TRUE,,,
MASPE_2005_H495,9.5,9.5,2005,20/12/2005,495,E3,,,,202714,8232887,NATURAL,,,,HOT,TRUE,,TRUE,,,
MASPE_2005_H533,35,0,2005,20/12/2005,533,E4,,,,202800,8232825,NATURAL,,,,HOT,,,TRUE,,,
MASPE_2006_H12705,18.5,0,2006,23/01/2007,297,PI,,,,202405,8232507,NATURAL,,,,HOT,,,TRUE,,,
MASPE_2006_H2391,28.5,0,2006,25/10/2006,711,E3,,,,202714,8232887,NATURAL,,,,HOT,,,TRUE,,,
MASPE_2006_H2392,28.5,0,2006,25/10/2006,712,E3,,,,202714,8232887,NATURAL,,,,HOT,,,TRUE,,,
MASPE_2006_H2407,28.5,0,2006,25/10/2006,721,E4,,,,202800,8232825,NATURAL,,,,HOT,,,TRUE,,,
MASPE_2006_H2409,0,18,2006,25/10/2006,723,E4,,,,202800,8232825,NATURAL,,,,HOT,TRUE,TRUE,,,,
MASPE_2006_H2486,10.5,0,2006,30/11/2006,812,E2,,,,202655,8232836,NATURAL,,,,HOT,,,TRUE,,,
MASPE_2006_H2508,10.5,0,2006,30/11/2006,835,E3,,,,202714,8232887,NATURAL,,,,HOT,,,TRUE,,,
MASPE_2006_H2533,72.5,0,2006,30/11/2006,859,E4,,,,202800,8232825,NATURAL,,,,HOT,,,TRUE,,,
MASPE_2006_C2207,17.5,0,2006,27/06/2006,669,E4,,,,202800,8232825,NATURAL,,,,COOL,,,TRUE,,,
MASPE_2006_C2208,17.5,0,2006,27/06/2006,670,E4,,,,202800,8232825,NATURAL,,,,COOL,,,TRUE,,,
MASPE_2006_C2209,50,0,2006,27/06/2006,671,E4,,,,202800,8232825,NATURAL,,,,COOL,,,TRUE,,,
MASPE_2006_C2210,17.5,0,2006,27/06/2006,672,E4,,,,202800,8232825,NATURAL,,,,COOL,,,TRUE,,,
MASPE_2006_C2211,17.5,0,2006,27/06/2006,673,E4,,,,202800,8232825,NATURAL,,,,COOL,,,TRUE,,,
MASPE_2006_C2213,17.5,0,2006,27/06/2006,675,E4,,,,202800,8232825,NATURAL,,,,COOL,,,TRUE,,,
MASPE_2006_C2214,17.5,0,2006,27/06/2006,676,E4,,,,202800,8232825,NATURAL,,,,COOL,,,TRUE,,,
MASPE_2006_C2215,17.5,0,2006,27/06/2006,677,E4,,,,202800,8232825,NATURAL,,,,COOL,,,TRUE,,,
MASPE_2006_C2216,77.5,0,2006,27/06/2006,678,E4,,,,202800,8232825,NATURAL,,,,COOL,,,TRUE,,,
MASPE_2006_C2217,17.5,32.5,2006,27/06/2006,679,E4,,,,202800,8232825,NATURAL,,,,COOL,TRUE,TRUE,,,,
MASPE_2006_C2218,0,17.5,2006,27/06/2006,680,E4,,,,202800,8232825,NATURAL,,,,COOL,TRUE,,TRUE,,,
MASPE_2006_C2219,17.5,0,2006,27/06/2006,681,E3,,,,202714,8232887,NATURAL,,,,COOL,,,TRUE,,,
MASPE_2006_C2220,17.5,45,2006,27/06/2006,682,E3,,,,202714,8232887,NATURAL,,,,COOL,TRUE,TRUE,,,,
MASPE_2006_C2221,17.5,87.5,2006,27/06/2006,683,E3,,,,202714,8232887,NATURAL,,,,COOL,TRUE,TRUE,,,,
MASPE_2006_C2222,32.5,0,2006,27/06/2006,684,E1,,,,202650,8232895,NATURAL,,,,COOL,,,TRUE,,,
MASPE_2006_C2370,0,15,2006,01/08/2006,687,E4,,,,202800,8232825,NATURAL,,,,COOL,TRUE,,TRUE,,,
MASPE_2006_C2371,0,15,2006,01/08/2006,688,E4,,,,202800,8232825,NATURAL,,,,COOL,TRUE,,TRUE,,,
MASPE_2006_C2373,15,55,2006,01/08/2006,690,E4,,,,202800,8232825,NATURAL,,,,COOL,TRUE,TRUE,,,,
MASPE_2006_C2374,0,15,2006,01/08/2006,691,E4,,,,202800,8232825,NATURAL,,,,COOL,TRUE,,TRUE,,,
MASPE_2006_C2375,0,15,2006,01/08/2006,692,E4,,,,202800,8232825,NATURAL,,,,COOL,TRUE,,TRUE,,,
MASPE_2006_C2376,0,42.5,2006,01/08/2006,693,E4,,,,202800,8232825,NATURAL,,,,COOL,TRUE,TRUE,,,,
MASPE_2006_C2377,15,0,2006,01/08/2006,694,E4,,,,202800,8232825,NATURAL,,,,COOL,,,TRUE,,,
MASPE_2006_C2378,0,15,2006,01/08/2006,695,E4,,,,202800,8232825,NATURAL,,,,COOL,TRUE,,TRUE,,,
MASPE_2006_C2379,0,15,2006,01/08/2006,696,E4,,,,202800,8232825,NATURAL,,,,COOL,TRUE,,TRUE,,,
MASPE_2007_C12717,14,0,2007,30/05/2007,309,PI,,,,202405,8232507,NATURAL,,,,COOL,,,TRUE,,,
MASPE_2007_C12718,14,0,2007,30/05/2007,310,PI,,,,202405,8232507,NATURAL,,,,COOL,,,TRUE,,,
MASPE_2007_C12719,14,0,2007,30/05/2007,311,PI,,,,202405,8232507,NATURAL,,,,COOL,,,TRUE,,,
MASPE_2007_C2786,49,34.5,2007,25/04/2007,1061,E4,,,,202800,8232825,NATURAL,,,,COOL,TRUE,,TRUE,,,
MASPE_2007_C2787,49,55,2007,25/04/2007,1062,E4,,,,202800,8232825,NATURAL,,,,COOL,TRUE,TRUE,,,,
MASPE_2007_C2788,17.5,0,2007,25/04/2007,1063,E4,,,,202800,8232825,NATURAL,,,,COOL,,,TRUE,,,
MASPE_2007_C2789,17.5,0,2007,25/04/2007,1064,E4,,,,202800,8232825,NATURAL,,,,COOL,,,TRUE,,,
MASPE_2007_C2790,48.5,0,2007,30/05/2007,1065,E3,,,,202714,8232887,NATURAL,,,,COOL,,,TRUE,,,
MASPE_2007_C2791,14,0,2007,30/05/2007,1066,E3,,,,202714,8232887,NATURAL,,,,COOL,,,TRUE,,,
MASPE_2007_C2792,48.5,0,2007,30/05/2007,1067,E3,,,,202714,8232887,NATURAL,,,,COOL,,,TRUE,,,
MASPE_2007_C2793,14,34.5,2007,30/05/2007,1068,E3,,,,202714,8232887,NATURAL,,,,COOL,TRUE,TRUE,,,,
MASPE_2007_C2795,14,0,2007,30/05/2007,1070,E3,,,,202714,8232887,NATURAL,,,,COOL,,,TRUE,,,
MASPE_2007_C2796,7,7,2007,30/05/2007,1071,E4,,,,202800,8232825,NATURAL,,,,COOL,TRUE,,TRUE,,,
MASPE_2007_C2797,14,0,2007,30/05/2007,1072,E4,,,,202800,8232825,NATURAL,,,,COOL,,,TRUE,,,
MASPE_2007_C2798,48.5,0,2007,30/05/2007,1073,E4,,,,202800,8232825,NATURAL,,,,COOL,,,TRUE,,,
MASPE_2007_C2799,14,0,2007,30/05/2007,1074,E4,,,,202800,8232825,NATURAL,,,,COOL,,,TRUE,,,
MASPE_2007_C2800,14,0,2007,30/05/2007,1075,E4,,,,202800,8232825,NATURAL,,,,COOL,,,TRUE,,,
MASPE_2007_C2801,0,14,2007,30/05/2007,1076,E4,,,,202800,8232825,NATURAL,,,,COOL,TRUE,,TRUE,,,
MASPE_2007_C2802,14,0,2007,30/05/2007,1077,E4,,,,202800,8232825,NATURAL,,,,COOL,,,TRUE,,,
MASPE_2007_C2803,14,0,2007,30/05/2007,1078,E4,,,,202800,8232825,NATURAL,,,,COOL,,,TRUE,,,
MASPE_2007_C2804,48.5,0,2007,30/05/2007,1079,E4,,,,202800,8232825,NATURAL,,,,COOL,,,TRUE,,,
MASPE_2007_C2805,48.5,0,2007,30/05/2007,1080,E4,,,,202800,8232825,NATURAL,,,,COOL,,,TRUE,,,
MASPE_2007_C2806,48.5,0,2007,30/05/2007,1081,E4,,,,202800,8232825,NATURAL,,,,COOL,,,TRUE,,,
MASPE_2007_C2807,14,0,2007,30/05/2007,1082,E4,,,,202800,8232825,NATURAL,,,,COOL,,,TRUE,,,
MASPE_2007_C2808,14,0,2007,30/05/2007,1083,E4,,,,202800,8232825,NATURAL,,,,COOL,,,TRUE,,,
MASPE_2006_H2536,10.5,27,2006,30/11/2006,862,E4,,,,202800,8232825,NATURAL,,,,HOT,TRUE,,TRUE,,,
MASPE_2007_C2809,20.5,0,2007,27/06/2007,1084,E1,,,,202650,8232895,NATURAL,,,,COOL,,,TRUE,,,
MASPE_2007_C2810,20.5,0,2007,27/06/2007,1085,E1,,,,202650,8232895,NATURAL,,,,COOL,,,TRUE,,,
MASPE_2007_C2812,0,41,2007,27/06/2007,1087,E4,,,,202800,8232825,NATURAL,,,,COOL,TRUE,TRUE,,,,
MASPE_2007_C2813,20.5,0,2007,27/06/2007,1088,E4,,,,202800,8232825,NATURAL,,,,COOL,,,TRUE,,,
MASPE_2007_C2814,0,41,2007,27/06/2007,1089,E4,,,,202800,8232825,NATURAL,,,,COOL,TRUE,TRUE,,,,
MASPE_2007_C2815,20.5,0,2007,27/06/2007,1090,E4,,,,202800,8232825,NATURAL,,,,COOL,,,TRUE,,,
MASPE_2007_C2816,41,0,2007,27/06/2007,1091,E4,,,,202800,8232825,NATURAL,,,,COOL,,,TRUE,,,
MASPE_2007_C2817,20.5,0,2007,27/06/2007,1092,E4,,,,202800,8232825,NATURAL,,,,COOL,,,TRUE,,,
MASPE_2007_C2818,20.5,0,2007,27/06/2007,1093,E4,,,,202800,8232825,NATURAL,,,,COOL,,,TRUE,,,
MASPE_2006_H2757,18.5,0,2006,23/01/2007,1050,E2,,,,202655,8232836,NATURAL,,,,HOT,,,TRUE,,,
MASPE_2006_H2775,18.5,0,2006,23/01/2007,1059,E4,,,,202800,8232825,NATURAL,,,,HOT,,,TRUE,,,
MASPE_2007_C2819,20.5,0,2007,27/06/2007,1094,E4,,,,202800,8232825,NATURAL,,,,COOL,,,TRUE,,,
MASPE_2010_C1319,46,0,2010,27/07/2010,1319,E3,,,,202714,8232887,NATURAL,,,,COOL,,,TRUE,,,
MASPE_2010_C13306,84.5,0,2010,11/05/2010,375,PI,,,,202405,8232507,NATURAL,,,,COOL,,,TRUE,,,
MASPE_2010_C3154,38.5,0,2010,11/05/2010,1294,E1,,,,202650,8232895,NATURAL,,,,COOL,,,TRUE,,,
MASPE_2010_C3155,38.5,0,2010,11/05/2010,1295,E1,,,,202650,8232895,NATURAL,,,,COOL,,,TRUE,,,
MASPE_2010_C3156,38.5,0,2010,11/05/2010,1296,E2,,,,202655,8232836,NATURAL,,,,COOL,,,TRUE,,,
MASPE_2010_C3157,38.5,84.5,2010,11/05/2010,1297,E3,,,,202714,8232887,NATURAL,,,,COOL,TRUE,TRUE,,,,
MASPE_2010_C3158,38.5,0,2010,11/05/2010,1298,E3,,,,202714,8232887,NATURAL,,,,COOL,,,TRUE,,,
MASPE_2010_C3159,38.5,84.5,2010,11/05/2010,1299,E3,,,,202714,8232887,NATURAL,,,,COOL,TRUE,TRUE,,,,
MASPE_2010_C3160,38.5,0,2010,11/05/2010,1300,E4,,,,202800,8232825,NATURAL,,,,COOL,,,TRUE,,,
MASPE_2010_C3161,38.5,0,2010,11/05/2010,1301,E4,,,,202800,8232825,NATURAL,,,,COOL,,,TRUE,,,
MASPE_2010_C3162,38.5,0,2010,11/05/2010,1302,E4,,,,202800,8232825,NATURAL,,,,COOL,,,TRUE,,,
MASPE_2014_H05R,21.5,21.5,2014,23/12/2014,5R,ANC5R,44.8309,-15.97032191,-5.772785491,,,MANMADE,,,,HOT,TRUE,TRUE,,,,
MASPE_2014_H06R,1,0,2014,19/12/2014,6R,ANC6R,44.6347,-15.97032647,-5.772777019,,,MANMADE,,,,HOT,,,TRUE,,,
MASPE_2016_C03C,0,52.5,2016,10/06/2016,3C,ANC3C,52.6063,-15.97033262,-5.77242076,,,MANMADE,,,,COOL,TRUE,TRUE,,,,
MASPE_2016_C07S,0,31.5,2016,10/06/2016,7S,ANC7S,74.9537,-15.97068715,-5.771708932,,,MANMADE,,,,COOL,TRUE,TRUE,,,,
MASPE_2016_C11R,0,31.5,2016,01/07/2016,11R,ANC11R,42.2853,-15.97040903,-5.772884393,,,MANMADE,,,,COOL,TRUE,TRUE,,,,
MASPE_2017_C01C,0,49,2017,23/06/2017,1C,ANC1C,51.863,-15.97033176,-5.772452541,,,MANMADE,,,,COOL,TRUE,TRUE,,,,
MASPE_2017_C02R,0,49,2017,23/06/2017,2R,ANC2R,45.9118,-15.97032942,-5.77280731,,,MANMADE,,,,COOL,TRUE,TRUE,,,,
MASPE_2017_C04S,0,31,2017,23/06/2017,4S,ANC4S,73.8887,-15.97068588,-5.771697414,,,MANMADE,,,,COOL,TRUE,TRUE,,,,
MASPE_2017_C06R,0,49,2017,23/06/2017,6R,ANC6R,44.6347,-15.97032647,-5.772777019,,,MANMADE,,,,COOL,TRUE,TRUE,,,,
MASPE_2017_C07S,0,31,2017,23/06/2017,7S,ANC7S,74.9537,-15.97068715,-5.771708932,,,MANMADE,,,,COOL,TRUE,TRUE,,,,
MASPE_2017_C10S,0,49,2017,23/06/2017,10S,ANC10S,74.4578,-15.97069445,-5.771759585,,,MANMADE,,,,COOL,TRUE,TRUE,,,,
MASPE_2017_C11S,0,49,2017,23/06/2017,17S,ANC11S,74.9934,-15.97068802,-5.771732207,,,MANMADE,,,,COOL,TRUE,TRUE,,,,
MASPE_2017_C12R,0,49,2017,23/06/2017,12R,ANC12R,42.4154,-15.97041068,-5.77287906,,,MANMADE,,,,COOL,TRUE,TRUE,,,,
MASPE_2017_C14S,0,31,2017,23/06/2017,14S,ANC14S,75.0105,-15.97071201,-5.771758751,,,MANMADE,,,,COOL,TRUE,TRUE,,,,
MASPE_2016_H06S,47.5,0,2016,06/12/2016,6S,ANC6S,74.4741,-15.97067447,-5.771731487,,,MANMADE,,,,HOT,TRUE,,TRUE,,,
MASPE_2016_H104S,25,0,2016,06/12/2016,104S,ANC104S,77.786324,-15.97074517,-5.771800403,,,MANMADE,,,,HOT,,,TRUE,,,
MASPE_2016_H17R,6.5,47.5,2016,06/12/2016,17R,ANC17R,42.5167,-15.97041861,-5.772869399,,,MANMADE,,,,HOT,TRUE,TRUE,,,,
MASPE_2016_H89R,6.5,0,2016,02/02/2017,89R,ANC89R,35.945061,-15.97026151,-5.772831649,,,MANMADE,,,,HOT,,,TRUE,,,
MASPE_2017_C15S,0,49,2017,23/06/2017,15S,ANC15S,74.9726,-15.970738,-5.771667,,,MANMADE,,,,COOL,TRUE,TRUE,,,,
MASPE_2017_C20R,0,49,2017,23/06/2017,20R,ANC20R,42.2027,-15.97042032,-5.772881489,,,MANMADE,,,,COOL,TRUE,TRUE,,,,
MASPE_2017_C47S,0,107,2017,23/06/2017,47S,ANC47S,74.700699,-15.97073668,-5.771796966,,,MANMADE,,,,COOL,TRUE,TRUE,,,,
MASPE_2017_C95S,0,31,2017,23/06/2017,95S,ANC95S,75.265594,-15.97070944,-5.771726772,,,MANMADE,,,,COOL,TRUE,TRUE,,,,
MASPE_2017_C98S,0,49,2017,23/06/2017,98S,ANC98S,74.726807,-15.97071527,-5.771783222,,,MANMADE,,,,COOL,TRUE,TRUE,,,,
MASPE_2017_H16R,1,0,2017,02/12/2017,16R,ANC16R,43.4495,-15.970412,-5.772872,,,MANMADE,,,,HOT,,,TRUE,,,FALSE
MASPE_2017_H19R,2,0,2017,04/01/2018,19R,ANC19R,43,-15.97042056,-5.772879781,,,MANMADE,,,,HOT,,,TRUE,,,FALSE
MASPE_2017_H72S,50.5,0,2017,04/01/2018,72S,ANC72S,74.3434299,-15.97069913,-5.771570384,,,MANMADE,,,,HOT,,,UNKNOWN,,,FALSE
MASPE_2017_C06S,10,0,2017,23/06/2017,6S,ANC6S,74.4741,-15.97067447,-5.771731487,,,MANMADE,,,,COOL,,,TRUE,,,
MASPE_2017_C08R,11,0,2017,13/07/2017,8R,ANC8R,42.0464,-15.970422,-5.772872,,,MANMADE,,,,COOL,,,TRUE,,,
MASPE_2017_C15R,31,0,2017,23/06/2017,15R,ANC15R,42.4851,-15.97041273,-5.772878357,,,MANMADE,,,,COOL,,,TRUE,,,
MASPE_2018_H03C,17.5,0,2018,03/12/2018,3C,ANC3C,52.6063,-15.97033262,-5.77242076,,,MANMADE,,,,HOT,,,TRUE,,,FALSE
MASPE_2018_H69S,15.5,0,2018,14/11/2018,69S,ANC69S,72.5768885,-15.97069689,-5.77166887,,,MANMADE,,,,HOT,,,TRUE,,,FALSE
MASPE_2018_H90R,1,0,2018,15/01/2019,90R,ANC90R,35.405457,-15.97026788,-5.772831609,,,MANMADE,,,,HOT,,,TRUE,,,FALSE
MASPE_2018_C101S,1,0,2018,06/06/2018,101S,ANC101S,75.127144,-15.97074097,-5.771795247,,,MANMADE,,,,COOL,,,TRUE,,,FALSE
MASPE_2018_C14R,51,0,2018,02/08/2018,14R,ANC14R,43.4422,-15.97041379,-5.77287479,,,MANMADE,,,,COOL,,,TRUE,,,FALSE
MASPE_2018_C52S,31.5,0,2018,10/06/2018,52S,ANC52S,78.625443,-15.97067954,-5.771740497,,,MANMADE,,,,COOL,,,TRUE,,,FALSE
MASPE_2019_C68S,45,0,2019,20/05/2019,68S,ANC68S,71.592147,-15.97071424,-5.77174973,,,MANMADE,,,,COOL,,,TRUE,,,FALSE
MASPE_2019_C70S,14,0,2019,15/05/2019,70S,ANC70S,71.9272,-15.97069633,-5.771677544,,,MANMADE,,,,COOL,,,TRUE,EGG ABANDONED,,FALSE
MASPE_2019_C85S,2,0,2019,20/05/2019,85S,ANC85S,69.417564,-15.97075618,-5.771637705,,,MANMADE,,,,COOL,,,TRUE,,,FALSE
,,,,,,,,,,,,,,,,,,,,,,
,,,,,,,,,,,,,,,,,,,,,,
,,,,,,,,,,,,,,,,,,,,,,
